node_id,node_x,node_y,from_segment_id,to_segment_id,from_original_edge_id,to_original_edge_id,from_fclass,to_fclass,from_name,to_name,from_ref,to_ref,from_bridge,to_bridge,from_tunnel,to_tunnel,from_layer,to_layer,turn_angle_deg,same_nonempty_name_or_ref,review_decision,formal_graph_repaired
347,666906.101,3542515.337,27797139_000001,1395424247_000042,27797139,1395424247,secondary,service,雨花西路,,,,False,False,False,False,0.0,1.0,163.22435963464207,False,suspicious_grade_jump,False
347,666906.101,3542515.337,89783209_000001,1395424247_000042,89783209,1395424247,primary,service,雨花西路,,,,False,False,False,False,0.0,1.0,180.0,False,suspicious_grade_jump,False
347,666906.101,3542515.337,165486637_000028,1395424247_000041,165486637,1395424247,secondary,service,雨花西路,,,,False,False,False,False,0.0,1.0,180.0,False,suspicious_grade_jump,False
468,664351.524,3551626.477,30685569_000002,81520516_000001,30685569,81520516,steps,footway,,Citywall,,,False,False,False,False,0.0,1.0,144.96451701758753,False,suspicious_grade_jump,False
822,683514.291,3560779.751,36877725_000001,582737920_000002,36877725,582737920,unclassified,unclassified,,,,,False,True,False,False,0.0,1.0,87.82516285883995,False,suspicious_grade_jump,False
824,683510.689,3560683.194,36877725_000002,871590051_000001,36877725,871590051,unclassified,unclassified,,,,,False,True,False,False,0.0,1.0,91.27792164505914,False,suspicious_grade_jump,False
824,683510.689,3560683.194,36877725_000003,871590051_000001,36877725,871590051,unclassified,unclassified,,,,,False,True,False,False,0.0,1.0,90.90424853800738,False,suspicious_grade_jump,False
1695,671624.568,3546855.336,52508951_000006,668593714_000001,52508951,668593714,tertiary,service,清溪路,,,,False,True,False,False,0.0,1.0,89.51469327633247,False,suspicious_grade_jump,False
1695,671624.568,3546855.336,52508951_000007,668593714_000001,52508951,668593714,tertiary,service,清溪路,,,,False,True,False,False,0.0,1.0,90.48635770369471,False,suspicious_grade_jump,False
2500,668755.071,3544477.461,61969148_000008,585539415_000001,61969148,585539415,tertiary,pedestrian,平江府路,贡院街,,,False,False,False,False,0.0,-1.0,81.37925174653871,False,suspicious_grade_jump,False
2500,668755.071,3544477.461,61969148_000009,585539415_000001,61969148,585539415,tertiary,pedestrian,平江府路,贡院街,,,False,False,False,False,0.0,-1.0,92.97161757203602,False,suspicious_grade_jump,False
4802,678408.831,3547713.371,89637544_000004,1513870810_000001,89637544,1513870810,secondary,footway,中山门大街,,,,False,True,False,False,0.0,1.0,86.80613734205377,False,suspicious_grade_jump,False
4802,678408.831,3547713.371,89637544_000004,1513870810_000002,89637544,1513870810,secondary,footway,中山门大街,,,,False,True,False,False,0.0,1.0,91.26981674165738,False,suspicious_grade_jump,False
4802,678408.831,3547713.371,89637544_000005,1513870810_000001,89637544,1513870810,secondary,footway,中山门大街,,,,False,True,False,False,0.0,1.0,93.1913899038517,False,suspicious_grade_jump,False
4802,678408.831,3547713.371,89637544_000005,1513870810_000002,89637544,1513870810,secondary,footway,中山门大街,,,,False,True,False,False,0.0,1.0,88.73265601243716,False,suspicious_grade_jump,False
4938,668949.608,3543370.624,89638622_000008,1437053351_000001,89638622,1437053351,tertiary,service,江宁路,,,,False,False,False,False,0.0,-1.0,90.16670060114431,False,suspicious_grade_jump,False
4938,668949.608,3543370.624,89638622_000009,1437053351_000001,89638622,1437053351,tertiary,service,江宁路,,,,False,False,False,False,0.0,-1.0,89.79524036744736,False,suspicious_grade_jump,False
4939,668947.534,3543362.882,89638622_000009,606894142_000017,89638622,606894142,tertiary,residential,江宁路,剪子巷,,,False,False,False,False,0.0,-1.0,87.85234276559264,False,suspicious_grade_jump,False
4939,668947.534,3543362.882,89638622_000010,606894142_000017,89638622,606894142,tertiary,residential,江宁路,剪子巷,,,False,False,False,False,0.0,-1.0,92.11244962555764,False,suspicious_grade_jump,False
4949,668851.883,3543004.899,89638622_000019,1183596128_000001,89638622,1183596128,tertiary,living_street,江宁路,,,,False,False,False,False,0.0,-1.0,90.045057874866,False,suspicious_grade_jump,False
4949,668851.883,3543004.899,89638622_000020,1183596128_000001,89638622,1183596128,tertiary,living_street,江宁路,,,,False,False,False,False,0.0,-1.0,89.94590233698402,False,suspicious_grade_jump,False
5411,668847.847,3551641.077,89763392_000013,160752357_000001,89763392,160752357,tertiary,service,,,,,False,False,False,True,0.0,-1.0,146.74650884724696,False,suspicious_grade_jump,False
6055,666937.253,3542547.818,89783209_000001,1395424247_000042,89783209,1395424247,primary,service,雨花西路,,,,False,False,False,False,0.0,1.0,180.0,False,suspicious_grade_jump,False
6369,680156.422,3554574.588,89910184_000003,320020186_000002,89910184,320020186,primary,living_street,学林路,三江北路（学林恒力桥）,,,False,True,False,False,0.0,1.0,98.64306630034523,False,suspicious_grade_jump,False
6369,680156.422,3554574.588,89910184_000003,320020186_000003,89910184,320020186,primary,living_street,学林路,三江北路（学林恒力桥）,,,False,True,False,False,0.0,1.0,95.06341960705174,False,suspicious_grade_jump,False
6369,680156.422,3554574.588,89910184_000004,320020186_000002,89910184,320020186,primary,living_street,学林路,三江北路（学林恒力桥）,,,False,True,False,False,0.0,1.0,81.36688513507757,False,suspicious_grade_jump,False
6369,680156.422,3554574.588,89910184_000004,320020186_000003,89910184,320020186,primary,living_street,学林路,三江北路（学林恒力桥）,,,False,True,False,False,0.0,1.0,84.92662895752547,False,suspicious_grade_jump,False
7539,666114.655,3549609.825,91828923_000004,1459031881_000001,91828923,1459031881,tertiary,unclassified,老菜市,,,,False,False,False,True,0.0,-1.0,87.86136691946152,False,suspicious_grade_jump,False
7539,666114.655,3549609.825,91828923_000005,1459031881_000001,91828923,1459031881,tertiary,unclassified,老菜市,,,,False,False,False,True,0.0,-1.0,92.12022928051023,False,suspicious_grade_jump,False
7544,666217.75,3549629.528,91828923_000009,1459031880_000001,91828923,1459031880,tertiary,unclassified,老菜市,,,,False,False,False,True,0.0,-1.0,90.20572497377157,False,suspicious_grade_jump,False
7544,666217.75,3549629.528,91828923_000010,1459031880_000001,91828923,1459031880,tertiary,unclassified,老菜市,,,,False,False,False,True,0.0,-1.0,89.78042447704179,False,suspicious_grade_jump,False
8014,667538.852,3543818.961,91997118_000012,1524823332_000039,91997118,1524823332,residential,service,钓鱼台,,,,False,False,False,False,0.0,1.0,59.984826832977596,False,suspicious_grade_jump,False
8014,667538.852,3543818.961,91997118_000012,1524823332_000040,91997118,1524823332,residential,service,钓鱼台,,,,False,False,False,False,0.0,1.0,118.4594810310383,False,suspicious_grade_jump,False
8014,667538.852,3543818.961,91997118_000013,1524823332_000039,91997118,1524823332,residential,service,钓鱼台,,,,False,False,False,False,0.0,1.0,119.98569108328402,False,suspicious_grade_jump,False
8014,667538.852,3543818.961,91997118_000013,1524823332_000040,91997118,1524823332,residential,service,钓鱼台,,,,False,False,False,False,0.0,1.0,61.5700010527001,False,suspicious_grade_jump,False
8014,667538.852,3543818.961,323774009_000004,1524823332_000039,323774009,1524823332,primary,service,中山南路,,,,False,False,False,False,0.0,1.0,180.0,False,suspicious_grade_jump,False
8014,667538.852,3543818.961,323774009_000005,1524823332_000040,323774009,1524823332,primary,service,中山南路,,,,False,False,False,False,0.0,1.0,180.0,False,suspicious_grade_jump,False
8203,668606.854,3543175.643,91997679_000001,1183596106_000001,91997679,1183596106,residential,path,边营,,,,False,False,False,False,0.0,-1.0,87.14654677527378,False,suspicious_grade_jump,False
8203,668606.854,3543175.643,91997679_000002,1183596106_000001,91997679,1183596106,residential,path,边营,,,,False,False,False,False,0.0,-1.0,92.85859196099341,False,suspicious_grade_jump,False
8250,668721.92,3543415.274,91997686_000003,606894142_000008,91997686,606894142,residential,residential,转龙巷,剪子巷,,,False,False,False,False,0.0,-1.0,86.8544857442857,False,suspicious_grade_jump,False
8250,668721.92,3543415.274,91997686_000003,606894142_000009,91997686,606894142,residential,residential,转龙巷,剪子巷,,,False,False,False,False,0.0,-1.0,92.37491774732933,False,suspicious_grade_jump,False
8250,668721.92,3543415.274,205418383_000001,606894142_000008,205418383,606894142,residential,residential,转龙巷,剪子巷,,,False,False,False,False,0.0,-1.0,94.58008349783081,False,suspicious_grade_jump,False
8250,668721.92,3543415.274,205418383_000001,606894142_000009,205418383,606894142,residential,residential,转龙巷,剪子巷,,,False,False,False,False,0.0,-1.0,86.19051301055416,False,suspicious_grade_jump,False
8261,668875.395,3543379.31,91997687_000010,606894142_000014,91997687,606894142,living_street,residential,小心桥东街,剪子巷,,,False,False,False,False,0.0,-1.0,90.67123302348512,False,suspicious_grade_jump,False
8261,668875.395,3543379.31,91997687_000010,606894142_000015,91997687,606894142,living_street,residential,小心桥东街,剪子巷,,,False,False,False,False,0.0,-1.0,89.6940780980287,False,suspicious_grade_jump,False
8261,668875.395,3543379.31,91997687_000011,606894142_000014,91997687,606894142,living_street,residential,小心桥东街,剪子巷,,,False,False,False,False,0.0,-1.0,90.91784447538008,False,suspicious_grade_jump,False
8261,668875.395,3543379.31,91997687_000011,606894142_000015,91997687,606894142,living_street,residential,小心桥东街,剪子巷,,,False,False,False,False,0.0,-1.0,88.71684440310611,False,suspicious_grade_jump,False
8450,669005.608,3544614.719,92048231_000002,585541249_000001,92048231,585541249,living_street,footway,,桃叶桥,,,False,True,False,False,0.0,1.0,94.28733954472344,False,suspicious_grade_jump,False
8450,669005.608,3544614.719,92048231_000003,585541249_000001,92048231,585541249,living_street,footway,,桃叶桥,,,False,True,False,False,0.0,1.0,85.71280223289602,False,suspicious_grade_jump,False
9738,672386.359,3535432.588,92362510_000004,375476721_000001,92362510,375476721,unclassified,residential,通用磨坊路,,,,False,True,False,False,0.0,0.0,89.81290919115602,False,suspicious_grade_jump,False
9738,672386.359,3535432.588,92362510_000005,375476721_000001,92362510,375476721,unclassified,residential,通用磨坊路,,,,False,True,False,False,0.0,0.0,90.18648684337079,False,suspicious_grade_jump,False
11753,670482.825,3542645.4,93653975_000013,776197994_000001,93653975,776197994,residential,residential,,,,,False,True,False,False,0.0,1.0,45.56695794430718,False,suspicious_grade_jump,False
12127,662356.834,3542765.606,94496615_000001,121782846_000013,94496615,121782846,service,service,,,,,False,False,False,False,0.0,-1.0,88.79418359497686,False,suspicious_grade_jump,False
12127,662356.834,3542765.606,94496615_000001,121782846_000014,94496615,121782846,service,service,,,,,False,False,False,False,0.0,-1.0,75.82449250997718,False,suspicious_grade_jump,False
12535,663073.286,3536212.12,94497834_000032,1475974250_000001,94497834,1475974250,cycleway,cycleway,,,,,False,True,False,False,0.0,1.0,92.11513707336465,False,suspicious_grade_jump,False
12535,663073.286,3536212.12,94497834_000033,1475974250_000001,94497834,1475974250,cycleway,cycleway,,,,,False,True,False,False,0.0,1.0,87.28666902273568,False,suspicious_grade_jump,False
12536,663103.293,3536213.519,94497834_000033,1475974249_000004,94497834,1475974249,cycleway,cycleway,,,,,False,True,False,False,0.0,1.0,91.89614238054405,False,suspicious_grade_jump,False
12536,663103.293,3536213.519,94497834_000034,1475974249_000004,94497834,1475974249,cycleway,cycleway,,,,,False,True,False,False,0.0,1.0,88.08089288480417,False,suspicious_grade_jump,False
12591,664122.261,3537045.776,94497834_000088,1475974233_000001,94497834,1475974233,cycleway,cycleway,,,,,False,True,False,False,0.0,1.0,102.72981062709023,False,suspicious_grade_jump,False
12760,661927.491,3536595.124,94497846_000017,166198200_000001,94497846,166198200,cycleway,footway,,,,,False,True,False,False,0.0,1.0,89.37903686763318,False,suspicious_grade_jump,False
12760,661927.491,3536595.124,94497846_000018,166198200_000001,94497846,166198200,cycleway,footway,,,,,False,True,False,False,0.0,1.0,87.85340457492228,False,suspicious_grade_jump,False
12801,663073.15,3536035.001,94497846_000058,1475974250_000004,94497846,1475974250,cycleway,cycleway,,,,,False,True,False,False,0.0,1.0,91.95798893658983,False,suspicious_grade_jump,False
12801,663073.15,3536035.001,94497846_000059,1475974250_000004,94497846,1475974250,cycleway,cycleway,,,,,False,True,False,False,0.0,1.0,90.72345619282481,False,suspicious_grade_jump,False
12802,663105.698,3536035.387,94497846_000059,1475974249_000001,94497846,1475974249,cycleway,cycleway,,,,,False,True,False,False,0.0,1.0,90.09373240389594,False,suspicious_grade_jump,False
12802,663105.698,3536035.387,94497846_000060,1475974249_000001,94497846,1475974249,cycleway,cycleway,,,,,False,True,False,False,0.0,1.0,89.92054831001003,False,suspicious_grade_jump,False
12903,671109.219,3552847.317,94670979_000039,853099450_000001,94670979,853099450,tertiary,residential,恒嘉路,,,,False,True,False,False,0.0,1.0,114.08135641366958,False,suspicious_grade_jump,False
12903,671109.219,3552847.317,372790242_000001,853099450_000001,372790242,853099450,tertiary,residential,恒嘉路,,,,False,True,False,False,0.0,1.0,71.13185232486636,False,suspicious_grade_jump,False
13602,669601.443,3548938.87,95918073_000001,290148744_000030,95918073,290148744,steps,footway,,环湖路,,,True,False,False,False,0.0,0.0,96.06412270455584,False,suspicious_grade_jump,False
13602,669601.443,3548938.87,95918073_000001,290148744_000031,95918073,290148744,steps,footway,,环湖路,,,True,False,False,False,0.0,0.0,83.838899771005,False,suspicious_grade_jump,False
13606,669576.903,3548944.894,95918074_000001,290148744_000029,95918074,290148744,steps,footway,,环湖路,,,True,False,False,False,0.0,0.0,109.76832098366087,False,suspicious_grade_jump,False
13606,669576.903,3548944.894,95918074_000001,290148744_000030,95918074,290148744,steps,footway,,环湖路,,,True,False,False,False,0.0,0.0,72.40143057293207,False,suspicious_grade_jump,False
13653,669248.818,3549245.737,95918720_000001,1443662824_000001,95918720,1443662824,service,footway,观山桥,,,,True,False,False,False,1.0,0.0,87.15633994140204,False,suspicious_grade_jump,False
13653,669248.818,3549245.737,95918720_000002,1443662824_000001,95918720,1443662824,service,footway,观山桥,,,,True,False,False,False,1.0,0.0,92.81057933844548,False,suspicious_grade_jump,False
13701,669344.422,3550378.378,1278075241_000001,1278075242_000001,1278075241,1278075242,footway,footway,,,,,True,False,False,False,1.0,0.0,78.92172612736604,False,suspicious_grade_jump,False
13701,669344.422,3550378.378,1278075241_000001,1278075247_000001,1278075241,1278075247,footway,footway,,,,,True,False,False,False,1.0,0.0,89.97951520106622,False,suspicious_grade_jump,False
15960,670015.601,3548935.617,100944896_000013,1279082430_000008,100944896,1279082430,footway,footway,环湖路,,,,False,True,False,False,0.0,1.0,140.29040500501213,False,suspicious_grade_jump,False
16203,664007.053,3549259.931,101300823_000001,854927688_000007,101300823,854927688,primary,footway,定淮门大街,,,,False,False,False,True,0.0,-1.0,93.20292232852321,False,suspicious_grade_jump,False
16203,664007.053,3549259.931,101300823_000002,854927688_000007,101300823,854927688,primary,footway,定淮门大街,,,,False,False,False,True,0.0,-1.0,86.80638452850985,False,suspicious_grade_jump,False
16882,668543.358,3544296.182,105436058_000001,585539415_000009,105436058,585539415,pedestrian,pedestrian,贡院西街,贡院街,,,False,False,False,False,0.0,-1.0,101.69980438942315,False,suspicious_grade_jump,False
16887,668494.337,3544410.35,105436058_000005,585538329_000009,105436058,585538329,pedestrian,footway,贡院西街,,,,False,False,False,False,0.0,-1.0,113.5757916279883,False,suspicious_grade_jump,False
16887,668494.337,3544410.35,105436058_000006,585538329_000009,105436058,585538329,pedestrian,footway,贡院西街,,,,False,False,False,False,0.0,-1.0,69.34676030926677,False,suspicious_grade_jump,False
16908,668464.22,3544232.85,105436066_000001,585539415_000012,105436066,585539415,pedestrian,pedestrian,,贡院街,,,False,False,False,False,0.0,-1.0,88.30553339840016,False,suspicious_grade_jump,False
16908,668464.22,3544232.85,105436066_000001,585539415_000013,105436066,585539415,pedestrian,pedestrian,,贡院街,,,False,False,False,False,0.0,-1.0,89.30338736439492,False,suspicious_grade_jump,False
16910,668658.799,3544388.848,105436068_000001,585539415_000003,105436068,585539415,footway,pedestrian,小石坝街,贡院街,,,False,False,False,False,0.0,-1.0,89.56028762116391,False,suspicious_grade_jump,False
16910,668658.799,3544388.848,105436068_000001,585539415_000004,105436068,585539415,footway,pedestrian,小石坝街,贡院街,,,False,False,False,False,0.0,-1.0,86.95236136453386,False,suspicious_grade_jump,False
16910,668658.799,3544388.848,105436068_000002,585539415_000003,105436068,585539415,footway,pedestrian,小石坝街,贡院街,,,False,False,False,False,0.0,-1.0,111.29456358240381,False,suspicious_grade_jump,False
16910,668658.799,3544388.848,105436068_000002,585539415_000004,105436068,585539415,footway,pedestrian,小石坝街,贡院街,,,False,False,False,False,0.0,-1.0,72.19278743189842,False,suspicious_grade_jump,False
16913,668646.531,3544378.864,105436069_000001,585539415_000004,105436069,585539415,footway,pedestrian,,贡院街,,,False,False,False,False,0.0,-1.0,91.62996271381893,False,suspicious_grade_jump,False
16913,668646.531,3544378.864,105436069_000001,585539415_000005,105436069,585539415,footway,pedestrian,,贡院街,,,False,False,False,False,0.0,-1.0,81.38213429802613,False,suspicious_grade_jump,False
17568,676544.502,3549112.353,112326683_000161,272579916_000059,112326683,272579916,service,service,青年路,37 拥翠亭到五棵松,,,False,False,False,False,0.0,5.0,76.03799563086149,False,suspicious_grade_jump,False
17568,676544.502,3549112.353,272579916_000059,282848485_000001,272579916,282848485,service,footway,37 拥翠亭到五棵松,,,,False,False,False,False,5.0,0.0,117.09316012745309,False,suspicious_grade_jump,False
17616,682288.491,3555767.216,118862316_000004,1051736218_000001,118862316,1051736218,residential,footway,任之北路,,,,False,False,False,False,0.0,1.0,63.30640622989657,False,suspicious_grade_jump,False
17616,682288.491,3555767.216,118862316_000005,1051736218_000001,118862316,1051736218,residential,footway,任之北路,,,,False,False,False,False,0.0,1.0,85.26568017944794,False,suspicious_grade_jump,False
17702,682448.544,3555608.484,118862381_000011,1051727044_000001,118862381,1051727044,residential,footway,,百工桥,,,False,True,False,False,0.0,1.0,98.63195768835988,False,suspicious_grade_jump,False
17702,682448.544,3555608.484,118862381_000012,1051727044_000001,118862381,1051727044,residential,footway,,百工桥,,,False,True,False,False,0.0,1.0,73.67529634261207,False,suspicious_grade_jump,False
17902,683226.567,3554739.164,118932304_000045,897362940_000002,118932304,897362940,service,service,,,,,False,True,False,False,0.0,1.0,89.66958743109174,False,suspicious_grade_jump,False
17902,683226.567,3554739.164,118932304_000046,897362940_000002,118932304,897362940,service,service,,,,,False,True,False,False,0.0,1.0,91.20527388236279,False,suspicious_grade_jump,False
18988,662474.946,3542753.036,121782844_000005,121782846_000017,121782844,121782846,service,service,,,,,False,False,False,False,0.0,-1.0,71.29318214389565,False,suspicious_grade_jump,False
18988,662474.946,3542753.036,121782844_000005,121782846_000018,121782844,121782846,service,service,,,,,False,False,False,False,0.0,-1.0,94.69627923890086,False,suspicious_grade_jump,False
18992,662583.529,3542918.72,121782845_000005,121782846_000023,121782845,121782846,service,service,,,,,False,False,False,False,0.0,-1.0,70.9655195953571,False,suspicious_grade_jump,False
18992,662583.529,3542918.72,121782845_000005,121782846_000024,121782845,121782846,service,service,,,,,False,False,False,False,0.0,-1.0,96.18764548994069,False,suspicious_grade_jump,False
18993,662518.103,3543025.167,121782846_000001,121782847_000006,121782846,121782847,service,service,,,,,False,False,False,False,-1.0,0.0,89.93679496109995,False,suspicious_grade_jump,False
18993,662518.103,3543025.167,121782846_000028,121782847_000006,121782846,121782847,service,service,,,,,False,False,False,False,-1.0,0.0,78.08272731330241,False,suspicious_grade_jump,False
19006,662369.734,3542760.732,121782846_000014,549384984_000007,121782846,549384984,service,service,,,,,False,False,False,False,-1.0,0.0,102.20486498922092,False,suspicious_grade_jump,False
19006,662369.734,3542760.732,121782846_000015,549384984_000007,121782846,549384984,service,service,,,,,False,False,False,False,-1.0,0.0,77.28868085295386,False,suspicious_grade_jump,False
19017,662524.21,3543020.207,121782846_000027,1315473717_000006,121782846,1315473717,service,service,,,,,False,False,False,False,-1.0,0.0,78.19478022879123,False,suspicious_grade_jump,False
19017,662524.21,3543020.207,121782846_000028,1315473717_000006,121782846,1315473717,service,service,,,,,False,False,False,False,-1.0,0.0,100.17457971278829,False,suspicious_grade_jump,False
19534,658868.294,3554617.536,318916106_000001,1062268559_000001,318916106,1062268559,secondary,unclassified,江北大道,浦厂路,,,False,True,False,False,0.0,1.0,86.18924710639244,False,suspicious_grade_jump,False
19534,658868.294,3554617.536,318916622_000018,1062268559_000001,318916622,1062268559,secondary,unclassified,丁家圩梗路,浦厂路,,,False,True,False,False,0.0,1.0,90.16630429020793,False,suspicious_grade_jump,False
19582,674829.501,3545386.358,136510945_000008,758671175_000001,136510945,758671175,living_street,service,友谊路,理工大学2号路,,,False,True,False,False,0.0,1.0,89.33778154241492,False,suspicious_grade_jump,False
19582,674829.501,3545386.358,136510945_000009,758671175_000001,136510945,758671175,living_street,service,友谊路,理工大学2号路,,,False,True,False,False,0.0,1.0,91.61115131089814,False,suspicious_grade_jump,False
19587,675090.571,3545648.05,133117330_000004,758671171_000001,133117330,758671171,living_street,residential,理工大学1号路,,,,False,True,False,False,0.0,1.0,82.90536517238313,False,suspicious_grade_jump,False
19587,675090.571,3545648.05,133117330_000005,758671171_000001,133117330,758671171,living_street,residential,理工大学1号路,,,,False,True,False,False,0.0,1.0,96.2257996725627,False,suspicious_grade_jump,False
19593,675062.537,3545391.365,133117330_000010,758671169_000001,133117330,758671169,living_street,living_street,理工大学1号路,友谊路,,,False,True,False,False,0.0,1.0,82.52687090244476,False,suspicious_grade_jump,False
19593,675062.537,3545391.365,140265539_000024,758671173_000001,140265539,758671173,living_street,living_street,,理工大学1号路,,,False,True,False,False,0.0,1.0,89.76764832364542,False,suspicious_grade_jump,False
19614,676945.415,3545180.731,133607075_000008,835855721_000001,133607075,835855721,unclassified,residential,双拜岗路,,,,False,False,False,False,-1.0,0.0,122.17091523687704,False,suspicious_grade_jump,False
19749,670949.716,3543110.309,134104485_000008,1492492947_000001,134104485,1492492947,residential,footway,,,,,False,True,False,False,0.0,1.0,88.1476731162931,False,suspicious_grade_jump,False
19749,670949.716,3543110.309,134104485_000009,1492492947_000001,134104485,1492492947,residential,footway,,,,,False,True,False,False,0.0,1.0,91.85291281463404,False,suspicious_grade_jump,False
19964,672322.906,3542904.951,135149854_000001,1492492929_000001,135149854,1492492929,pedestrian,footway,七桥瓮,,,,True,False,False,False,1.0,0.0,87.20650290021726,False,suspicious_grade_jump,False
19981,673037.338,3543046.592,135149858_000002,931647256_000001,135149858,931647256,service,service,,,,,True,False,False,False,1.0,0.0,51.824892326707854,False,suspicious_grade_jump,False
20109,664767.216,3553883.044,135986242_000002,135986246_000001,135986242,135986246,residential,footway,宝塔桥,,,,True,False,False,False,0.0,0.0,95.38447091465153,False,suspicious_grade_jump,False
20149,673913.086,3544845.286,135989963_000001,135989970_000001,135989963,135989970,living_street,living_street,,,,,False,True,False,False,0.0,0.0,100.38768789699104,False,suspicious_grade_jump,False
20149,673913.086,3544845.286,135989970_000001,137388565_000021,135989970,137388565,living_street,living_street,,东胜巷,,,True,False,False,False,0.0,0.0,79.8011023652696,False,suspicious_grade_jump,False
20820,673433.585,3545426.999,159607177_000001,159607178_000001,159607177,159607178,service,service,,,,,False,False,False,False,0.0,-1.0,88.39376197347204,False,suspicious_grade_jump,False
21402,661078.466,3542127.406,138674375_000002,191420688_000006,138674375,191420688,primary,footway,河西大街,,,,False,True,False,False,0.0,1.0,101.8486091949131,False,suspicious_grade_jump,False
21402,661078.466,3542127.406,138674375_000002,191420688_000007,138674375,191420688,primary,footway,河西大街,,,,False,True,False,False,0.0,1.0,79.04493491920586,False,suspicious_grade_jump,False
21402,661078.466,3542127.406,138674375_000003,191420688_000006,138674375,191420688,primary,footway,河西大街,,,,False,True,False,False,0.0,1.0,78.14373721801734,False,suspicious_grade_jump,False
21402,661078.466,3542127.406,138674375_000003,191420688_000007,138674375,191420688,primary,footway,河西大街,,,,False,True,False,False,0.0,1.0,100.96271866786371,False,suspicious_grade_jump,False
21835,668833.536,3544683.386,139850964_000001,158584959_000027,139850964,158584959,pedestrian,secondary,桃叶渡,建康路,,,False,False,False,False,-1.0,0.0,81.21200433657933,False,suspicious_grade_jump,False
21835,668833.536,3544683.386,139850964_000001,158584959_000028,139850964,158584959,pedestrian,secondary,桃叶渡,建康路,,,False,False,False,False,-1.0,0.0,100.58855539064467,False,suspicious_grade_jump,False
21836,668838.156,3544665.098,139850964_000001,617097820_000009,139850964,617097820,pedestrian,residential,桃叶渡,新姚家巷,,,False,False,False,False,-1.0,0.0,73.94198482300418,False,suspicious_grade_jump,False
21836,668838.156,3544665.098,139850964_000002,617097820_000009,139850964,617097820,pedestrian,residential,桃叶渡,新姚家巷,,,False,False,False,False,-1.0,0.0,95.5469198084168,False,suspicious_grade_jump,False
23725,668101.676,3552237.984,274199914_000006,274199982_000001,274199914,274199982,tertiary,steps,红山南路,下穿铁路隧道,,,False,False,False,True,0.0,-1.0,83.93691189412483,False,suspicious_grade_jump,False
23725,668101.676,3552237.984,274199914_000007,274199982_000001,274199914,274199982,tertiary,steps,红山南路,下穿铁路隧道,,,False,False,False,True,0.0,-1.0,99.4209601273672,False,suspicious_grade_jump,False
24112,673539.631,3547280.795,146635645_000020,1435450094_000001,146635645,1435450094,tertiary,footway,陵园路,,,,False,False,False,False,0.0,-1.0,93.65062174237752,False,suspicious_grade_jump,False
24112,673539.631,3547280.795,146635645_000020,1435450094_000002,146635645,1435450094,tertiary,footway,陵园路,,,,False,False,False,False,0.0,-1.0,86.35437151129497,False,suspicious_grade_jump,False
24112,673539.631,3547280.795,146635645_000021,1435450094_000001,146635645,1435450094,tertiary,footway,陵园路,,,,False,False,False,False,0.0,-1.0,86.34891135410429,False,suspicious_grade_jump,False
24112,673539.631,3547280.795,146635645_000021,1435450094_000002,146635645,1435450094,tertiary,footway,陵园路,,,,False,False,False,False,0.0,-1.0,93.64609539222324,False,suspicious_grade_jump,False
24441,662969.698,3550422.315,147397710_000026,668612574_000006,147397710,668612574,tertiary,footway,淮滨路,红云桥,,,False,True,False,False,0.0,1.0,137.5391892976106,False,suspicious_grade_jump,False
24443,663023.631,3550393.947,147397710_000028,854927667_000001,147397710,854927667,tertiary,service,淮滨路,,,,False,False,False,False,0.0,-1.0,93.20691605729426,False,suspicious_grade_jump,False
24443,663023.631,3550393.947,147397710_000029,854927667_000001,147397710,854927667,tertiary,service,淮滨路,,,,False,False,False,False,0.0,-1.0,89.6449943515244,False,suspicious_grade_jump,False
24490,664350.044,3549479.089,147397710_000076,854927684_000007,147397710,854927684,tertiary,footway,淮滨路,,,,False,True,False,False,0.0,1.0,88.44466926782066,False,suspicious_grade_jump,False
24490,664350.044,3549479.089,147397710_000077,854927684_000007,147397710,854927684,tertiary,footway,淮滨路,,,,False,True,False,False,0.0,1.0,61.69105953227188,False,suspicious_grade_jump,False
24536,664486.275,3549536.969,147398363_000001,854927687_000017,147398363,854927687,tertiary,footway,石头城路,,,,False,True,False,False,0.0,1.0,86.4329793377512,False,suspicious_grade_jump,False
24536,664486.275,3549536.969,147398363_000002,854927687_000017,147398363,854927687,tertiary,footway,石头城路,,,,False,True,False,False,0.0,1.0,90.61104893240876,False,suspicious_grade_jump,False
24536,664486.275,3549536.969,854927687_000017,854927691_000012,854927687,854927691,footway,footway,,,,,True,False,False,False,1.0,0.0,156.77145416137031,False,suspicious_grade_jump,False
24662,664031.547,3549233.012,147399446_000001,854927687_000001,147399446,854927687,tertiary,footway,,,,,False,True,False,False,0.0,1.0,89.87097315227138,False,suspicious_grade_jump,False
24662,664031.547,3549233.012,147399446_000002,854927687_000001,147399446,854927687,tertiary,footway,,,,,False,True,False,False,0.0,1.0,126.82135900069989,False,suspicious_grade_jump,False
24694,668195.79,3545360.643,147399827_000002,1447076785_000001,147399827,1447076785,secondary,service,洪武路,,,,False,False,False,False,0.0,-1.0,89.80543148723245,False,suspicious_grade_jump,False
24694,668195.79,3545360.643,147399827_000003,1447076785_000001,147399827,1447076785,secondary,service,洪武路,,,,False,False,False,False,0.0,-1.0,90.20038004652741,False,suspicious_grade_jump,False
24959,666672.192,3542165.101,148567440_000034,1395424247_000030,148567440,1395424247,tertiary,service,长虹路,,,,False,False,False,False,0.0,1.0,105.32551293397512,False,suspicious_grade_jump,False
24959,666672.192,3542165.101,148567440_000034,1395424247_000031,148567440,1395424247,tertiary,service,长虹路,,,,False,False,False,False,0.0,1.0,72.99617669144433,False,suspicious_grade_jump,False
24959,666672.192,3542165.101,148567441_000001,1395424247_000030,148567441,1395424247,tertiary,service,雨花北路,,,,False,False,False,False,0.0,1.0,87.97060834795921,False,suspicious_grade_jump,False
24959,666672.192,3542165.101,148567441_000001,1395424247_000031,148567441,1395424247,tertiary,service,雨花北路,,,,False,False,False,False,0.0,1.0,93.70770202662133,False,suspicious_grade_jump,False
24959,666672.192,3542165.101,165486637_000017,1395424247_000030,165486637,1395424247,secondary,service,雨花西路,,,,False,False,False,False,0.0,1.0,180.0,False,suspicious_grade_jump,False
24959,666672.192,3542165.101,165486637_000018,1395424247_000031,165486637,1395424247,secondary,service,雨花西路,,,,False,False,False,False,0.0,1.0,180.0,False,suspicious_grade_jump,False
25439,681303.494,3553680.023,155400050_000001,316496465_000001,155400050,316496465,path,steps,,,,,True,False,False,False,1.0,0.0,121.0465588601287,False,suspicious_grade_jump,False
25439,681303.494,3553680.023,155400050_000002,316496465_000001,155400050,316496465,path,steps,,,,,True,False,False,False,1.0,0.0,58.91947488851522,False,suspicious_grade_jump,False
25463,681232.528,3553638.465,155405785_000004,155423221_000001,155405785,155423221,footway,footway,,,,,True,False,False,False,0.0,0.0,54.011933686520265,False,suspicious_grade_jump,False
26894,667917.16,3548381.162,156209625_000001,156210206_000006,156209625,156210206,footway,service,鼓楼医院地下通道,,,,False,False,True,False,-2.0,0.0,64.91826678884489,False,suspicious_grade_jump,False
26894,667917.16,3548381.162,156209625_000001,156210206_000007,156209625,156210206,footway,service,鼓楼医院地下通道,,,,False,False,True,False,-2.0,0.0,110.69518388561605,False,suspicious_grade_jump,False
26977,667404.855,3548540.04,156220850_000004,1161981178_000002,156220850,1161981178,service,footway,,,,,False,False,False,False,0.0,-1.0,89.85761186649567,False,suspicious_grade_jump,False
26977,667404.855,3548540.04,156220850_000005,1161981178_000002,156220850,1161981178,service,footway,,,,,False,False,False,False,0.0,-1.0,90.15275846161128,False,suspicious_grade_jump,False
26979,667450.464,3548484.066,156220850_000007,1161981174_000001,156220850,1161981174,service,footway,,,,,False,False,False,False,0.0,-1.0,92.11027267419679,False,suspicious_grade_jump,False
26979,667450.464,3548484.066,156220850_000008,1161981174_000001,156220850,1161981174,service,footway,,,,,False,False,False,False,0.0,-1.0,87.78931375865103,False,suspicious_grade_jump,False
27265,667051.267,3533342.719,156607323_p2_000010,1509406340_000001,156607323_p2,1509406340,service,footway,,,,,False,True,False,False,0.0,1.0,75.80323483877004,False,suspicious_grade_jump,False
27265,667051.267,3533342.719,156607323_p2_000011,1509406340_000001,156607323_p2,1509406340,service,footway,,,,,False,True,False,False,0.0,1.0,104.24603652207044,False,suspicious_grade_jump,False
27456,675400.306,3542486.677,157279810_000002,817189221_000019,157279810,817189221,residential,residential,,,,,True,False,False,False,1.0,0.0,66.30009906556538,False,suspicious_grade_jump,False
27456,675400.306,3542486.677,157279810_000002,817189221_000020,157279810,817189221,residential,residential,,,,,True,False,False,False,1.0,0.0,115.96601258082212,False,suspicious_grade_jump,False
28673,662199.581,3538162.764,158598504_000001,158598506_000009,158598504,158598506,living_street,living_street,老桥,,,,True,False,False,False,1.0,0.0,87.19104323394929,False,suspicious_grade_jump,False
28673,662199.581,3538162.764,158598504_000001,158598506_000010,158598504,158598506,living_street,living_street,老桥,,,,True,False,False,False,1.0,0.0,91.26677920599964,False,suspicious_grade_jump,False
28740,666045.505,3541326.249,158612113_000004,1395424247_000001,158612113,1395424247,primary,service,雨花西路,,,,False,False,False,False,0.0,1.0,165.80479681257486,False,suspicious_grade_jump,False
28740,666045.505,3541326.249,158612113_000005,1395424247_000002,158612113,1395424247,primary,service,雨花西路,,,,False,False,False,False,0.0,1.0,180.0,False,suspicious_grade_jump,False
28741,666060.333,3541346.884,158612113_000005,1395424247_000002,158612113,1395424247,primary,service,雨花西路,,,,False,False,False,False,0.0,1.0,180.0,False,suspicious_grade_jump,False
28741,666060.333,3541346.884,158612113_000006,1395424247_000003,158612113,1395424247,primary,service,雨花西路,,,,False,False,False,False,0.0,1.0,180.0,False,suspicious_grade_jump,False
28742,666075.16,3541367.518,158612113_000006,1395424247_000003,158612113,1395424247,primary,service,雨花西路,,,,False,False,False,False,0.0,1.0,180.0,False,suspicious_grade_jump,False
28742,666075.16,3541367.518,158612113_000007,1395424247_000004,158612113,1395424247,primary,service,雨花西路,,,,False,False,False,False,0.0,1.0,180.0,False,suspicious_grade_jump,False
28743,666099.704,3541403.482,158612113_000007,1395424247_000004,158612113,1395424247,primary,service,雨花西路,,,,False,False,False,False,0.0,1.0,180.0,False,suspicious_grade_jump,False
28743,666099.704,3541403.482,158612113_000008,1395424247_000005,158612113,1395424247,primary,service,雨花西路,,,,False,False,False,False,0.0,1.0,171.56942054137966,False,suspicious_grade_jump,False
28743,666099.704,3541403.482,884201520_000001,1395424247_000005,884201520,1395424247,primary,service,雨花西路,,,,False,False,False,False,0.0,1.0,180.0,False,suspicious_grade_jump,False
29378,673454.45,3545422.219,159607178_000001,1300458940_000004,159607178,1300458940,service,footway,,,,,False,False,False,False,-1.0,0.0,88.78873541084295,False,suspicious_grade_jump,False
29378,673454.45,3545422.219,159607178_000002,1300458940_000004,159607178,1300458940,service,footway,,,,,False,False,False,False,-1.0,0.0,91.20840610937228,False,suspicious_grade_jump,False
29383,673467.924,3545423.202,159607178_000006,398447032_000015,159607178,398447032,service,service,,,,,False,False,False,False,-1.0,0.0,116.42458281598472,False,suspicious_grade_jump,False
29385,673483.879,3545489.925,159607178_000008,1300458945_000001,159607178,1300458945,service,footway,,,,,False,False,False,False,-1.0,0.0,89.65417304161716,False,suspicious_grade_jump,False
29385,673483.879,3545489.925,159607178_000009,1300458945_000001,159607178,1300458945,service,footway,,,,,False,False,False,False,-1.0,0.0,90.34112876855977,False,suspicious_grade_jump,False
29386,673485.528,3545496.818,159607178_000009,1300458946_000003,159607178,1300458946,service,footway,,,,,False,False,False,False,-1.0,0.0,90.72619655523138,False,suspicious_grade_jump,False
29386,673485.528,3545496.818,159607178_000010,1300458946_000003,159607178,1300458946,service,footway,,,,,False,False,False,False,-1.0,0.0,89.2855112326414,False,suspicious_grade_jump,False
29387,673495.458,3545538.364,159607178_000010,1300458943_000002,159607178,1300458943,service,footway,,,,,False,False,False,False,-1.0,0.0,89.92342808358522,False,suspicious_grade_jump,False
29387,673495.458,3545538.364,159607178_000010,1300458943_000003,159607178,1300458943,service,footway,,,,,False,False,False,False,-1.0,0.0,90.04867304622903,False,suspicious_grade_jump,False
29387,673495.458,3545538.364,159607178_000011,1300458943_000002,159607178,1300458943,service,footway,,,,,False,False,False,False,-1.0,0.0,91.79345063733696,False,suspicious_grade_jump,False
29387,673495.458,3545538.364,159607178_000011,1300458943_000003,159607178,1300458943,service,footway,,,,,False,False,False,False,-1.0,0.0,88.23444823284883,False,suspicious_grade_jump,False
30231,671977.676,3551794.637,160739639_000001,954418813_000001,160739639,954418813,footway,footway,,,,,True,False,False,False,1.0,0.0,90.19091662045962,False,suspicious_grade_jump,False
31266,684131.037,3554977.948,164252643_000001,164252650_000001,164252643,164252650,residential,path,智华桥,,,,True,False,False,False,1.0,0.0,88.70085992336239,False,suspicious_grade_jump,False
31275,684134.572,3554974.563,164252650_000001,448965363_000001,164252650,448965363,path,footway,,,,,False,True,False,False,0.0,0.0,90.89976686538961,False,suspicious_grade_jump,False
31275,684134.572,3554974.563,164252650_000002,448965363_000001,164252650,448965363,path,footway,,,,,False,True,False,False,0.0,0.0,89.23420783573437,False,suspicious_grade_jump,False
32288,666484.141,3541842.51,165486637_000008,1395424247_000021,165486637,1395424247,secondary,service,雨花西路,,,,False,False,False,False,0.0,1.0,165.72756200711922,False,suspicious_grade_jump,False
32288,666484.141,3541842.51,165486637_000009,1395424247_000022,165486637,1395424247,secondary,service,雨花西路,,,,False,False,False,False,0.0,1.0,180.0,False,suspicious_grade_jump,False
32288,666484.141,3541842.51,884201518_000002,1395424247_000021,884201518,1395424247,primary,service,雨花西路,,,,False,False,False,False,0.0,1.0,180.0,False,suspicious_grade_jump,False
32289,666487.559,3541849.608,165486637_000009,1395424247_000022,165486637,1395424247,secondary,service,雨花西路,,,,False,False,False,False,0.0,1.0,180.0,False,suspicious_grade_jump,False
32289,666487.559,3541849.608,165486637_000010,1395424247_000023,165486637,1395424247,secondary,service,雨花西路,,,,False,False,False,False,0.0,1.0,179.99999914622634,False,suspicious_grade_jump,False
32289,666487.559,3541849.608,779909201_000001,1395424247_000022,779909201,1395424247,residential,service,,,,,False,False,False,False,0.0,1.0,98.92540994383376,False,suspicious_grade_jump,False
32289,666487.559,3541849.608,779909201_000001,1395424247_000023,779909201,1395424247,residential,service,,,,,False,False,False,False,0.0,1.0,86.66702916015575,False,suspicious_grade_jump,False
32290,666508.502,3541884.046,165486637_000010,1395424247_000023,165486637,1395424247,secondary,service,雨花西路,,,,False,False,False,False,0.0,1.0,179.99999914622634,False,suspicious_grade_jump,False
32290,666508.502,3541884.046,165486637_000011,1395424247_000024,165486637,1395424247,secondary,service,雨花西路,,,,False,False,False,False,0.0,1.0,179.99999914622634,False,suspicious_grade_jump,False
32291,666529.445,3541918.484,165486637_000011,1395424247_000024,165486637,1395424247,secondary,service,雨花西路,,,,False,False,False,False,0.0,1.0,179.99999914622634,False,suspicious_grade_jump,False
32291,666529.445,3541918.484,165486637_000012,1395424247_000025,165486637,1395424247,secondary,service,雨花西路,,,,False,False,False,False,0.0,1.0,180.0,False,suspicious_grade_jump,False
32292,666550.389,3541952.922,165486637_000012,1395424247_000025,165486637,1395424247,secondary,service,雨花西路,,,,False,False,False,False,0.0,1.0,180.0,False,suspicious_grade_jump,False
32292,666550.389,3541952.922,165486637_000013,1395424247_000026,165486637,1395424247,secondary,service,雨花西路,,,,False,False,False,False,0.0,1.0,180.0,False,suspicious_grade_jump,False
32292,666550.389,3541952.922,779909202_000001,1395424247_000025,779909202,1395424247,residential,service,,,,,False,False,False,False,0.0,1.0,92.58725301387118,False,suspicious_grade_jump,False
32292,666550.389,3541952.922,779909202_000001,1395424247_000026,779909202,1395424247,residential,service,,,,,False,False,False,False,0.0,1.0,85.96381412403996,False,suspicious_grade_jump,False
32293,666574.749,3541995.358,165486637_000013,1395424247_000026,165486637,1395424247,secondary,service,雨花西路,,,,False,False,False,False,0.0,1.0,180.0,False,suspicious_grade_jump,False
32293,666574.749,3541995.358,165486637_000014,1395424247_000027,165486637,1395424247,secondary,service,雨花西路,,,,False,False,False,False,0.0,1.0,179.99999879258172,False,suspicious_grade_jump,False
32294,666599.11,3542037.793,165486637_000014,1395424247_000027,165486637,1395424247,secondary,service,雨花西路,,,,False,False,False,False,0.0,1.0,179.99999879258172,False,suspicious_grade_jump,False
32294,666599.11,3542037.793,165486637_000015,1395424247_000028,165486637,1395424247,secondary,service,雨花西路,,,,False,False,False,False,0.0,1.0,180.0,False,suspicious_grade_jump,False
32295,666623.471,3542080.229,165486637_000015,1395424247_000028,165486637,1395424247,secondary,service,雨花西路,,,,False,False,False,False,0.0,1.0,180.0,False,suspicious_grade_jump,False
32295,666623.471,3542080.229,165486637_000016,1395424247_000029,165486637,1395424247,secondary,service,雨花西路,,,,False,False,False,False,0.0,1.0,179.99999879258172,False,suspicious_grade_jump,False
32296,666647.832,3542122.665,165486637_000016,1395424247_000029,165486637,1395424247,secondary,service,雨花西路,,,,False,False,False,False,0.0,1.0,179.99999879258172,False,suspicious_grade_jump,False
32296,666647.832,3542122.665,165486637_000017,1395424247_000030,165486637,1395424247,secondary,service,雨花西路,,,,False,False,False,False,0.0,1.0,180.0,False,suspicious_grade_jump,False
32297,666692.673,3542198.476,165486637_000018,1395424247_000031,165486637,1395424247,secondary,service,雨花西路,,,,False,False,False,False,0.0,1.0,180.0,False,suspicious_grade_jump,False
32297,666692.673,3542198.476,165486637_000019,1395424247_000032,165486637,1395424247,secondary,service,雨花西路,,,,False,False,False,False,0.0,1.0,180.0,False,suspicious_grade_jump,False
32298,666713.153,3542231.852,165486637_000019,1395424247_000032,165486637,1395424247,secondary,service,雨花西路,,,,False,False,False,False,0.0,1.0,180.0,False,suspicious_grade_jump,False
32298,666713.153,3542231.852,165486637_000020,1395424247_000033,165486637,1395424247,secondary,service,雨花西路,,,,False,False,False,False,0.0,1.0,180.0,False,suspicious_grade_jump,False
32298,666713.153,3542231.852,779909205_000001,1395424247_000032,779909205,1395424247,living_street,service,,,,,False,False,False,False,0.0,1.0,96.61150878248685,False,suspicious_grade_jump,False
32298,666713.153,3542231.852,779909205_000001,1395424247_000033,779909205,1395424247,living_street,service,,,,,False,False,False,False,0.0,1.0,71.77904453555222,False,suspicious_grade_jump,False
32299,666722.593,3542257.895,165486637_000020,1395424247_000033,165486637,1395424247,secondary,service,雨花西路,,,,False,False,False,False,0.0,1.0,180.0,False,suspicious_grade_jump,False
32299,666722.593,3542257.895,165486637_000021,1395424247_000034,165486637,1395424247,secondary,service,雨花西路,,,,False,False,False,False,0.0,1.0,180.0,False,suspicious_grade_jump,False
32300,666732.033,3542283.937,165486637_000021,1395424247_000034,165486637,1395424247,secondary,service,雨花西路,,,,False,False,False,False,0.0,1.0,180.0,False,suspicious_grade_jump,False
32300,666732.033,3542283.937,165486637_000022,1395424247_000035,165486637,1395424247,secondary,service,雨花西路,,,,False,False,False,False,0.0,1.0,180.0,False,suspicious_grade_jump,False
32301,666748.316,3542310.508,165486637_000022,1395424247_000035,165486637,1395424247,secondary,service,雨花西路,,,,False,False,False,False,0.0,1.0,180.0,False,suspicious_grade_jump,False
32301,666748.316,3542310.508,165486637_000023,1395424247_000036,165486637,1395424247,secondary,service,雨花西路,,,,False,False,False,False,0.0,1.0,180.0,False,suspicious_grade_jump,False
32302,666773.892,3542348.331,165486637_000023,1395424247_000036,165486637,1395424247,secondary,service,雨花西路,,,,False,False,False,False,0.0,1.0,180.0,False,suspicious_grade_jump,False
32302,666773.892,3542348.331,165486637_000024,1395424247_000037,165486637,1395424247,secondary,service,雨花西路,,,,False,False,False,False,0.0,1.0,180.0,False,suspicious_grade_jump,False
32303,666799.468,3542386.153,165486637_000024,1395424247_000037,165486637,1395424247,secondary,service,雨花西路,,,,False,False,False,False,0.0,1.0,180.0,False,suspicious_grade_jump,False
32303,666799.468,3542386.153,165486637_000025,1395424247_000038,165486637,1395424247,secondary,service,雨花西路,,,,False,False,False,False,0.0,1.0,180.0,False,suspicious_grade_jump,False
32304,666826.61,3542422.982,165486637_000025,1395424247_000038,165486637,1395424247,secondary,service,雨花西路,,,,False,False,False,False,0.0,1.0,180.0,False,suspicious_grade_jump,False
32304,666826.61,3542422.982,165486637_000026,1395424247_000039,165486637,1395424247,secondary,service,雨花西路,,,,False,False,False,False,0.0,1.0,180.0,False,suspicious_grade_jump,False
32305,666855.952,3542458.737,165486637_000026,1395424247_000039,165486637,1395424247,secondary,service,雨花西路,,,,False,False,False,False,0.0,1.0,180.0,False,suspicious_grade_jump,False
32305,666855.952,3542458.737,165486637_000027,1395424247_000040,165486637,1395424247,secondary,service,雨花西路,,,,False,False,False,False,0.0,1.0,180.0,False,suspicious_grade_jump,False
32306,666882.653,3542488.96,165486637_000027,1395424247_000040,165486637,1395424247,secondary,service,雨花西路,,,,False,False,False,False,0.0,1.0,180.0,False,suspicious_grade_jump,False
32306,666882.653,3542488.96,165486637_000028,1395424247_000041,165486637,1395424247,secondary,service,雨花西路,,,,False,False,False,False,0.0,1.0,180.0,False,suspicious_grade_jump,False
32781,668148.496,3552033.264,165519010_000002,280730193_000001,165519010,280730193,primary_link,footway,,神策门,,,False,True,False,False,0.0,0.0,86.4112223867888,False,suspicious_grade_jump,False
32781,668148.496,3552033.264,165519010_000003,280730193_000001,165519010,280730193,primary_link,footway,,神策门,,,False,True,False,False,0.0,0.0,81.9027985341462,False,suspicious_grade_jump,False
33292,662013.735,3536700.218,166198200_000003,883813031_000008,166198200,883813031,footway,residential,,,,,True,False,False,False,1.0,0.0,85.04453604383869,False,suspicious_grade_jump,False
33292,662013.735,3536700.218,166198200_000003,883813031_000009,166198200,883813031,footway,residential,,,,,True,False,False,False,1.0,0.0,89.96181843935618,False,suspicious_grade_jump,False
33414,666628.174,3550603.698,166259612_000007,575440674_000003,166259612,575440674,primary,path,模范中路,,,,False,False,False,False,0.0,-1.0,96.70547075911217,False,suspicious_grade_jump,False
33414,666628.174,3550603.698,166259612_000008,575440674_000003,166259612,575440674,primary,path,模范中路,,,,False,False,False,False,0.0,-1.0,83.28357575771385,False,suspicious_grade_jump,False
33767,683976.796,3551205.515,167237588_000001,852008665_000001,167237588,852008665,unclassified,unclassified,西流桥,,,,True,False,False,False,1.0,0.0,82.7986395434677,False,suspicious_grade_jump,False
33767,683976.796,3551205.515,167237588_000001,1411880019_000052,167237588,1411880019,unclassified,service,西流桥,,,,True,False,False,False,1.0,0.0,89.83331143983675,False,suspicious_grade_jump,False
34575,667440.431,3543636.962,185427965_000008,1524823332_000033,185427965,1524823332,residential,service,饮马巷,,,,False,False,False,False,0.0,1.0,92.2122391340454,False,suspicious_grade_jump,False
34575,667440.431,3543636.962,185427965_000008,1524823332_000034,185427965,1524823332,residential,service,饮马巷,,,,False,False,False,False,0.0,1.0,88.72047016286633,False,suspicious_grade_jump,False
34575,667440.431,3543636.962,1008801409_000005,1524823332_000033,1008801409,1524823332,primary,service,中山南路,,,,False,False,False,False,0.0,1.0,180.0,False,suspicious_grade_jump,False
34575,667440.431,3543636.962,1008801409_000006,1524823332_000034,1008801409,1524823332,primary,service,中山南路,,,,False,False,False,False,0.0,1.0,180.0,False,suspicious_grade_jump,False
34893,684487.434,3554911.688,187478937_000001,1518652372_000015,187478937,1518652372,service,path,,,,,True,True,False,False,1.0,0.0,91.79270548877543,False,suspicious_grade_jump,False
34893,684487.434,3554911.688,187478937_000002,1518652372_000015,187478937,1518652372,service,path,,,,,True,True,False,False,1.0,0.0,88.26343165749326,False,suspicious_grade_jump,False
35061,675003.534,3555984.997,934630263_000003,1313075118_000047,934630263,1313075118,residential,path,,,,,True,False,False,False,1.0,0.0,51.43747643763087,False,suspicious_grade_jump,False
35518,684442.929,3554728.556,188116855_000001,1518303615_000004,188116855,1518303615,footway,footway,,,,,False,False,False,False,0.0,-1.0,89.40223730126964,False,suspicious_grade_jump,False
35518,684442.929,3554728.556,188116855_000002,1518303615_000004,188116855,1518303615,footway,footway,,,,,False,False,False,False,0.0,-1.0,90.50313880305556,False,suspicious_grade_jump,False
35522,684393.1,3554786.767,188116858_000001,1518303615_000001,188116858,1518303615,footway,footway,,,,,False,False,False,False,0.0,-1.0,90.0047133848059,False,suspicious_grade_jump,False
35599,684562.619,3555049.327,188133588_000005,1518652372_000001,188133588,1518652372,path,path,,,,,False,True,False,False,0.0,0.0,153.28422996406456,False,suspicious_grade_jump,False
39772,662856.273,3540547.899,191410068_000028,1481050039_000007,191410068,1481050039,unclassified,unclassified,,,,,False,False,False,False,0.0,-1.0,85.78775509926697,False,suspicious_grade_jump,False
39772,662856.273,3540547.899,191410068_000029,1481050039_000007,191410068,1481050039,unclassified,unclassified,,,,,False,False,False,False,0.0,-1.0,94.20972183786442,False,suspicious_grade_jump,False
39774,662801.311,3540588.575,191410068_000030,1481050039_000001,191410068,1481050039,unclassified,unclassified,,,,,False,False,False,False,0.0,-1.0,92.68910284438388,False,suspicious_grade_jump,False
39774,662801.311,3540588.575,191410068_000031,1481050039_000001,191410068,1481050039,unclassified,unclassified,,,,,False,False,False,False,0.0,-1.0,87.31343750864801,False,suspicious_grade_jump,False
39966,663177.723,3540681.931,191415137_000018,863540503_000001,191415137,863540503,footway,footway,,,,,False,False,False,True,0.0,-1.0,79.88976941865731,False,suspicious_grade_jump,False
39990,661000.744,3542179.031,191420688_000001,191420689_000008,191420688,191420689,footway,tertiary,,扬子江大道,,,True,False,False,False,1.0,0.0,101.82198765330315,False,suspicious_grade_jump,False
39990,661000.744,3542179.031,191420688_000001,191420689_000009,191420688,191420689,footway,tertiary,,扬子江大道,,,True,False,False,False,1.0,0.0,78.11055288314908,False,suspicious_grade_jump,False
39990,661000.744,3542179.031,191420688_000002,191420689_000008,191420688,191420689,footway,tertiary,,扬子江大道,,,True,False,False,False,1.0,0.0,78.16420316777561,False,suspicious_grade_jump,False
39990,661000.744,3542179.031,191420688_000002,191420689_000009,191420688,191420689,footway,tertiary,,扬子江大道,,,True,False,False,False,1.0,0.0,101.90325629577217,False,suspicious_grade_jump,False
39993,661081.388,3542157.26,191420688_000004,191420692_000001,191420688,191420692,footway,footway,,,,,True,False,False,False,1.0,0.0,53.436597589453015,False,suspicious_grade_jump,False
39994,661080.034,3542146.626,191420688_000005,833731108_000018,191420688,833731108,footway,primary,,河西大街,,,True,False,False,False,1.0,0.0,83.38809417525775,False,suspicious_grade_jump,False
39994,661080.034,3542146.626,191420688_000005,833731108_000019,191420688,833731108,footway,primary,,河西大街,,,True,False,False,False,1.0,0.0,55.92948282930857,False,suspicious_grade_jump,False
39994,661080.034,3542146.626,191420688_000006,833731108_000018,191420688,833731108,footway,primary,,河西大街,,,True,False,False,False,1.0,0.0,99.20422779373966,False,suspicious_grade_jump,False
39994,661080.034,3542146.626,191420688_000006,833731108_000019,191420688,833731108,footway,primary,,河西大街,,,True,False,False,False,1.0,0.0,121.47819520169402,False,suspicious_grade_jump,False
39995,661077.247,3542114.878,191420688_000008,191420693_000001,191420688,191420693,footway,footway,,,,,True,False,False,False,1.0,0.0,45.17907977031906,False,suspicious_grade_jump,False
39998,660996.898,3542137.097,191420688_000010,191420689_000011,191420688,191420689,footway,tertiary,,扬子江大道,,,True,False,False,False,1.0,0.0,80.04848705409037,False,suspicious_grade_jump,False
39998,660996.898,3542137.097,191420688_000010,191420689_000012,191420688,191420689,footway,tertiary,,扬子江大道,,,True,False,False,False,1.0,0.0,99.94399530163376,False,suspicious_grade_jump,False
39998,660996.898,3542137.097,191420688_000011,191420689_000011,191420688,191420689,footway,tertiary,,扬子江大道,,,True,False,False,False,1.0,0.0,99.98209700334444,False,suspicious_grade_jump,False
39998,660996.898,3542137.097,191420688_000011,191420689_000012,191420688,191420689,footway,tertiary,,扬子江大道,,,True,False,False,False,1.0,0.0,80.02542064093144,False,suspicious_grade_jump,False
39999,660982.7,3542141.032,191420688_000011,191420694_000001,191420688,191420694,footway,footway,,,,,True,False,False,False,1.0,0.0,47.81369764821485,False,suspicious_grade_jump,False
39999,660982.7,3542141.032,191420688_000012,191420694_000001,191420688,191420694,footway,footway,,,,,True,False,False,False,1.0,0.0,52.01982316827288,False,suspicious_grade_jump,False
40000,660984.819,3542162.423,191420688_000012,883815848_000001,191420688,883815848,footway,unclassified,,河西大街,,,True,False,False,False,1.0,0.0,99.89189949574144,False,suspicious_grade_jump,False
40000,660984.819,3542162.423,191420688_000012,883815848_000002,191420688,883815848,footway,unclassified,,河西大街,,,True,False,False,False,1.0,0.0,80.12379905668872,False,suspicious_grade_jump,False
40000,660984.819,3542162.423,191420688_000013,883815848_000001,191420688,883815848,footway,unclassified,,河西大街,,,True,False,False,False,1.0,0.0,80.12574023794072,False,suspicious_grade_jump,False
40000,660984.819,3542162.423,191420688_000013,883815848_000002,191420688,883815848,footway,unclassified,,河西大街,,,True,False,False,False,1.0,0.0,99.85856120962912,False,suspicious_grade_jump,False
40188,682884.974,3553946.63,191556314_000001,618189694_000001,191556314,618189694,service,steps,北大门,,,,False,False,False,True,0.0,0.0,122.96086189637934,False,suspicious_grade_jump,False
40188,682884.974,3553946.63,191556314_000002,618189694_000001,191556314,618189694,service,steps,北大门,,,,False,False,False,True,0.0,0.0,53.72783749625174,False,suspicious_grade_jump,False
40191,682936.677,3553961.324,191556314_000004,875398344_000001,191556314,875398344,service,service,北大门,,,,False,True,False,False,0.0,1.0,81.97096146628584,False,suspicious_grade_jump,False
40191,682936.677,3553961.324,191556314_000005,875398344_000001,191556314,875398344,service,service,北大门,,,,False,True,False,False,0.0,1.0,87.48311359663815,False,suspicious_grade_jump,False
41385,672447.34,3552013.852,194789452_000002,1446669231_000001,194789452,1446669231,footway,steps,,,,,True,False,False,False,1.0,0.0,86.34116675088869,False,suspicious_grade_jump,False
41385,672447.34,3552013.852,194789452_000003,1446669231_000001,194789452,1446669231,footway,steps,,,,,True,False,False,False,1.0,0.0,93.6613488595134,False,suspicious_grade_jump,False
41386,672436.642,3552049.569,194789452_000003,1446669229_000001,194789452,1446669229,footway,steps,,,,,True,False,False,False,1.0,0.0,90.83161922166238,False,suspicious_grade_jump,False
41386,672436.642,3552049.569,194789452_000004,1446669229_000001,194789452,1446669229,footway,steps,,,,,True,False,False,False,1.0,0.0,89.18241888001752,False,suspicious_grade_jump,False
41657,668702.218,3543350.806,205418383_000002,1436529469_000001,205418383,1436529469,residential,living_street,转龙巷,,,,False,False,False,False,0.0,-1.0,91.69450331012396,False,suspicious_grade_jump,False
41657,668702.218,3543350.806,205418383_000003,1436529469_000001,205418383,1436529469,residential,living_street,转龙巷,,,,False,False,False,False,0.0,-1.0,88.305776838795,False,suspicious_grade_jump,False
41667,668362.571,3543414.54,205418424_000002,1047337499_000001,205418424,1047337499,pedestrian,footway,门东历史文化街,,,,False,True,False,False,0.0,1.0,89.39510330528654,False,suspicious_grade_jump,False
41667,668362.571,3543414.54,205418424_000003,1047337499_000001,205418424,1047337499,pedestrian,footway,门东历史文化街,,,,False,True,False,False,0.0,1.0,91.11650265210423,False,suspicious_grade_jump,False
41694,668880.613,3546014.178,205422092_000008,1266646361_000002,205422092,1266646361,residential,path,三十四标,,,,False,False,False,False,0.0,-1.0,107.65708781770303,False,suspicious_grade_jump,False
41694,668880.613,3546014.178,205422092_000009,1266646361_000002,205422092,1266646361,residential,path,三十四标,,,,False,False,False,False,0.0,-1.0,72.37628307974236,False,suspicious_grade_jump,False
43296,669861.216,3546475.724,223942433_000002,432974118_000023,223942433,432974118,pedestrian,primary,玄津桥,龙蟠中路,,,True,False,False,False,1.0,0.0,84.06300392286916,False,suspicious_grade_jump,False
43296,669861.216,3546475.724,223942433_000002,432974118_000024,223942433,432974118,pedestrian,primary,玄津桥,龙蟠中路,,,True,False,False,False,1.0,0.0,94.298061575897,False,suspicious_grade_jump,False
45207,669016.227,3548023.938,236946069_000004,982263232_000002,236946069,982263232,service,path,,,,,False,False,False,False,0.0,-1.0,88.16041948706922,False,suspicious_grade_jump,False
45207,669016.227,3548023.938,236946069_000005,982263232_000002,236946069,982263232,service,path,,,,,False,False,False,False,0.0,-1.0,90.9448354238848,False,suspicious_grade_jump,False
45216,668982.276,3548045.466,236946074_000001,982263232_000001,236946074,982263232,service,path,,,,,False,False,False,False,0.0,-1.0,90.81335503679934,False,suspicious_grade_jump,False
45216,668982.276,3548045.466,236946074_000002,982263232_000001,236946074,982263232,service,path,,,,,False,False,False,False,0.0,-1.0,89.20743950408213,False,suspicious_grade_jump,False
45601,666622.531,3550698.644,244790137_000005,575440674_000001,244790137,575440674,residential,path,模范马路,,,,False,False,False,False,0.0,-1.0,89.10580493404646,False,suspicious_grade_jump,False
45601,666622.531,3550698.644,244790137_000006,575440674_000001,244790137,575440674,residential,path,模范马路,,,,False,False,False,False,0.0,-1.0,91.93604651869929,False,suspicious_grade_jump,False
45784,673500.709,3547393.794,414745093_000015,1435450094_000010,414745093,1435450094,unclassified,footway,四方城西路,,,,False,False,False,False,0.0,-1.0,107.55857439165656,False,suspicious_grade_jump,False
45784,673500.709,3547393.794,414745093_000016,1435450094_000010,414745093,1435450094,unclassified,footway,四方城西路,,,,False,False,False,False,0.0,-1.0,74.04654569339003,False,suspicious_grade_jump,False
47267,648941.799,3557942.909,254308109_000018,1288599168_000026,254308109,1288599168,secondary,service,,,X302,,False,True,False,False,0.0,1.0,66.64350414260211,False,suspicious_grade_jump,False
47267,648941.799,3557942.909,254308109_000019,1288599168_000026,254308109,1288599168,secondary,service,,,X302,,False,True,False,False,0.0,1.0,112.0874762514038,False,suspicious_grade_jump,False
50466,669211.828,3547979.21,256938731_000002,1237572206_000003,256938731,1237572206,residential,footway,,,,,False,True,False,False,0.0,1.0,128.40731273813907,False,suspicious_grade_jump,False
50466,669211.828,3547979.21,256938731_000003,1237572206_000003,256938731,1237572206,residential,footway,,,,,False,True,False,False,0.0,1.0,51.58935541873968,False,suspicious_grade_jump,False
50666,665794.683,3544006.216,260397444_000041,1311220221_000001,260397444,1311220221,secondary,residential,西城路,,,,False,True,False,False,0.0,1.0,91.73541117917713,False,suspicious_grade_jump,False
50666,665794.683,3544006.216,260397444_000042,1311220221_000001,260397444,1311220221,secondary,residential,西城路,,,,False,True,False,False,0.0,1.0,88.26663236367531,False,suspicious_grade_jump,False
51367,652958.566,3549262.548,264273123_000014,1275461465_000001,264273123,1275461465,residential,service,城运路,,,,False,True,False,False,0.0,1.0,87.97625549048978,False,suspicious_grade_jump,False
51367,652958.566,3549262.548,264273123_000015,1275461465_000001,264273123,1275461465,residential,service,城运路,,,,False,True,False,False,0.0,1.0,92.0300144802916,False,suspicious_grade_jump,False
51856,669077.85,3543960.536,271372215_000001,271372237_000001,271372215,271372237,footway,footway,,,,,True,False,False,False,0.0,0.0,83.86319984964571,False,suspicious_grade_jump,False
52081,677136.553,3548121.843,272579916_000001,704453024_000050,272579916,704453024,service,path,37 拥翠亭到五棵松,,,,False,False,False,False,5.0,0.0,56.8307001355958,False,suspicious_grade_jump,False
52081,677136.553,3548121.843,272579916_000002,704453024_000050,272579916,704453024,service,path,37 拥翠亭到五棵松,,,,False,False,False,False,5.0,0.0,120.32663415284023,False,suspicious_grade_jump,False
52093,677029.766,3548209.486,272579916_000014,1368374436_000013,272579916,1368374436,service,footway,37 拥翠亭到五棵松,,,,False,False,False,False,5.0,0.0,125.6514955315544,False,suspicious_grade_jump,False
52135,676552.183,3549003.768,272579916_000055,704448442_000001,272579916,704448442,service,track,37 拥翠亭到五棵松,43至陵东路野道,,,False,False,False,False,5.0,0.0,91.7545188711167,False,suspicious_grade_jump,False
52135,676552.183,3549003.768,272579916_000056,704448442_000001,272579916,704448442,service,track,37 拥翠亭到五棵松,43至陵东路野道,,,False,False,False,False,5.0,0.0,48.05144750201166,False,suspicious_grade_jump,False
52676,664519.449,3544518.597,275902611_000014,779278362_000010,275902611,779278362,secondary,cycleway,湖西街,,,,False,False,False,False,0.0,1.0,89.87036061323126,False,suspicious_grade_jump,False
53359,668160.524,3550687.752,280725992_000001,1317130219_000004,280725992,1317130219,steps,footway,玄武湖出入口,环湖路,,,False,False,True,False,-1.0,0.0,83.85373171833902,False,suspicious_grade_jump,False
53359,668160.524,3550687.752,280725992_000001,1317130219_000005,280725992,1317130219,steps,footway,玄武湖出入口,环湖路,,,False,False,True,False,-1.0,0.0,92.18005447363694,False,suspicious_grade_jump,False
53360,668142.129,3550686.117,280725992_000001,368892503_000006,280725992,368892503,steps,service,玄武湖出入口,,,,False,False,True,False,-1.0,0.0,89.81084635982184,False,suspicious_grade_jump,False
53360,668142.129,3550686.117,280725992_000001,368892503_000007,280725992,368892503,steps,service,玄武湖出入口,,,,False,False,True,False,-1.0,0.0,78.42716907800865,False,suspicious_grade_jump,False
53360,668142.129,3550686.117,280725992_000002,368892503_000006,280725992,368892503,steps,service,玄武湖出入口,,,,False,False,True,False,-1.0,0.0,90.21152856261945,False,suspicious_grade_jump,False
53360,668142.129,3550686.117,280725992_000002,368892503_000007,280725992,368892503,steps,service,玄武湖出入口,,,,False,False,True,False,-1.0,0.0,101.55045599955008,False,suspicious_grade_jump,False
53363,669108.542,3548909.947,280725993_000001,289366043_000001,280725993,289366043,footway,footway,,,,,False,False,False,True,0.0,-2.0,64.67881183589985,False,suspicious_grade_jump,False
53363,669108.542,3548909.947,280725993_000002,289366043_000001,280725993,289366043,footway,footway,,,,,False,False,False,True,0.0,-2.0,112.77304855752834,False,suspicious_grade_jump,False
53453,668157.23,3551949.769,280730193_000002,577608903_000014,280730193,577608903,footway,footway,神策门,,,,True,False,False,False,0.0,0.0,76.6533927609998,False,suspicious_grade_jump,False
53453,668157.23,3551949.769,280730193_000002,577608903_000015,280730193,577608903,footway,footway,神策门,,,,True,False,False,False,0.0,0.0,103.31492825749454,False,suspicious_grade_jump,False
53461,668469.809,3551528.094,280730194_000007,289366044_000001,280730194,289366044,pedestrian,footway,,,,,False,True,False,False,0.0,0.0,96.71496266876946,False,suspicious_grade_jump,False
53461,668469.809,3551528.094,280730194_000008,289366044_000001,280730194,289366044,pedestrian,footway,,,,,False,True,False,False,0.0,0.0,77.70779360911303,False,suspicious_grade_jump,False
53476,668369.762,3551884.073,280730194_000022,405950219_000001,280730194,405950219,pedestrian,unclassified,,,,,False,True,False,False,0.0,0.0,82.55036458955983,False,suspicious_grade_jump,False
53481,668153.219,3550745.298,280730197_000001,1317130219_000007,280730197,1317130219,footway,footway,,环湖路,,,True,False,False,False,0.0,0.0,103.85722661089729,False,suspicious_grade_jump,False
53481,668153.219,3550745.298,280730197_000001,1317130219_000008,280730197,1317130219,footway,footway,,环湖路,,,True,False,False,False,0.0,0.0,83.96823603798073,False,suspicious_grade_jump,False
53487,668157.475,3550711.688,280730197_000006,1317130219_000005,280730197,1317130219,footway,footway,,环湖路,,,True,False,False,False,0.0,0.0,80.51386964323284,False,suspicious_grade_jump,False
53487,668157.475,3550711.688,280730197_000006,1317130219_000006,280730197,1317130219,footway,footway,,环湖路,,,True,False,False,False,0.0,0.0,99.50930744263471,False,suspicious_grade_jump,False
54378,668512.436,3551546.876,289366039_000014,289366044_000004,289366039,289366044,pedestrian,footway,,,,,False,True,False,False,0.0,0.0,71.08967369677708,False,suspicious_grade_jump,False
54378,668512.436,3551546.876,289366039_000015,289366044_000004,289366039,289366044,pedestrian,footway,,,,,False,True,False,False,0.0,0.0,94.28110385998295,False,suspicious_grade_jump,False
54488,669881.495,3548898.646,290148744_000038,1279082430_000001,290148744,1279082430,footway,footway,环湖路,,,,False,True,False,False,0.0,1.0,68.09684227131534,False,suspicious_grade_jump,False
54488,669881.495,3548898.646,290148744_000039,1279082430_000001,290148744,1279082430,footway,footway,环湖路,,,,False,True,False,False,0.0,1.0,111.91152423746834,False,suspicious_grade_jump,False
55469,671697.063,3529514.378,300163631_000001,633558642_000021,300163631,633558642,steps,footway,,,,,True,False,False,False,1.0,0.0,89.04812991071974,False,suspicious_grade_jump,False
55469,671697.063,3529514.378,300163631_000001,633558642_000022,300163631,633558642,steps,footway,,,,,True,False,False,False,1.0,0.0,90.97589663935611,False,suspicious_grade_jump,False
55470,671696.413,3529525.501,300163631_000001,630100650_000012,300163631,630100650,steps,cycleway,,,,,True,False,False,False,1.0,0.0,91.14849016219763,False,suspicious_grade_jump,False
55470,671696.413,3529525.501,300163631_000001,630100650_000013,300163631,630100650,steps,cycleway,,,,,True,False,False,False,1.0,0.0,88.85758564863086,False,suspicious_grade_jump,False
55594,670808.561,3530090.414,300165418_000041,630149997_000001,300165418,630149997,unclassified,unclassified,南高西路,,,,False,True,False,False,0.0,1.0,91.8037517335716,False,suspicious_grade_jump,False
55594,670808.561,3530090.414,300165418_000042,630149997_000001,300165418,630149997,unclassified,unclassified,南高西路,,,,False,True,False,False,0.0,1.0,88.73957459470141,False,suspicious_grade_jump,False
55834,672117.459,3529978.663,300178536_000007,1056927533_000001,300178536,1056927533,unclassified,footway,,,,,False,False,False,False,0.0,-1.0,90.21250678773671,False,suspicious_grade_jump,False
55834,672117.459,3529978.663,300178536_000008,1056927533_000001,300178536,1056927533,unclassified,footway,,,,,False,False,False,False,0.0,-1.0,89.580862427359,False,suspicious_grade_jump,False
56283,668947.324,3552134.773,302177873_000009,560641880_000001,302177873,560641880,cycleway,steps,人行道,黄家圩公交站台,,,False,False,False,True,0.0,0.0,172.54273887296242,False,suspicious_grade_jump,False
56283,668947.324,3552134.773,302177873_000010,560641880_000002,302177873,560641880,cycleway,steps,人行道,黄家圩公交站台,,,False,False,False,True,0.0,0.0,154.3090824245347,False,suspicious_grade_jump,False
56313,668844.187,3552094.247,302177969_000012,312363533_000001,302177969,312363533,cycleway,steps,人行道,黄家圩路西(红山南路南),,,False,False,False,True,0.0,0.0,173.35513372508075,False,suspicious_grade_jump,False
57783,670065.366,3549954.708,308847874_000001,405950230_000004,308847874,405950230,service,footway,,环湖路,,,True,False,False,False,0.0,0.0,93.21790480464512,False,suspicious_grade_jump,False
57783,670065.366,3549954.708,308847874_000001,405950230_000005,308847874,405950230,service,footway,,环湖路,,,True,False,False,False,0.0,0.0,86.77367734424595,False,suspicious_grade_jump,False
58110,668873.402,3552085.416,312363529_000001,560641879_000001,312363529,560641879,steps,steps,黄家圩路西(红山南路南),,,,False,False,True,True,0.0,-1.0,93.57609301394228,False,suspicious_grade_jump,False
58114,668872.257,3552066.223,312363529_000004,1052086654_000005,312363529,1052086654,steps,cycleway,黄家圩路西(红山南路南),,,,False,False,True,False,0.0,0.0,140.62724470353564,False,suspicious_grade_jump,False
58120,668945.471,3552124.141,312363531_000001,560641880_000001,312363531,560641880,steps,steps,,黄家圩公交站台,,,False,False,True,True,-1.0,0.0,78.10327575383128,False,suspicious_grade_jump,False
58120,668945.471,3552124.141,365475519_000001,560641880_000001,365475519,560641880,steps,steps,黄家圩路东(红山南路北),黄家圩公交站台,,,False,False,True,True,-1.0,0.0,106.20477493326075,False,suspicious_grade_jump,False
58123,668890.496,3552123.106,312363532_000002,579768509_000005,312363532,579768509,steps,steps,黄家圩路西(红山南路北),超市,,,False,False,True,True,-1.0,0.0,76.74361386684626,False,suspicious_grade_jump,False
58123,668890.496,3552123.106,560641881_000001,579768509_000005,560641881,579768509,steps,steps,,超市,,,False,False,True,True,-1.0,0.0,102.30138731345004,False,suspicious_grade_jump,False
58694,664226.887,3549386.888,313507281_000019,854927684_000001,313507281,854927684,tertiary,footway,郑淮路,,,,False,True,False,False,0.0,1.0,87.8855045721194,False,suspicious_grade_jump,False
58694,664226.887,3549386.888,313507281_000020,854927684_000001,313507281,854927684,tertiary,footway,郑淮路,,,,False,True,False,False,0.0,1.0,92.10909088768845,False,suspicious_grade_jump,False
59875,669365.095,3538857.845,315804044_000001,861110917_000001,315804044,861110917,footway,footway,,,,,False,False,False,True,0.0,-1.0,90.63967979469312,False,suspicious_grade_jump,False
59877,669337.538,3538906.46,315804044_000002,861110918_000001,315804044,861110918,footway,footway,,,,,False,False,False,True,0.0,-1.0,87.86290069585998,False,suspicious_grade_jump,False
59877,669337.538,3538906.46,315804044_000003,861110918_000001,315804044,861110918,footway,footway,,,,,False,False,False,True,0.0,-1.0,90.02372652229556,False,suspicious_grade_jump,False
59924,669238.438,3538789.764,315804056_000001,861110916_000001,315804056,861110916,footway,footway,,,,,False,False,False,True,0.0,-1.0,89.69854149214969,False,suspicious_grade_jump,False
59926,669212.825,3538835.761,315804056_000002,861110915_000001,315804056,861110915,footway,footway,,,,,False,False,False,True,0.0,-1.0,90.11695059741761,False,suspicious_grade_jump,False
59926,669212.825,3538835.761,315804056_000003,861110915_000001,315804056,861110915,footway,footway,,,,,False,False,False,True,0.0,-1.0,105.84895241843934,False,suspicious_grade_jump,False
60151,681390.665,3552958.043,316493078_000004,1409266719_000001,316493078,1409266719,footway,footway,,,,,False,True,False,False,0.0,1.0,82.58329960949386,False,suspicious_grade_jump,False
60151,681390.665,3552958.043,316493078_000005,1409266719_000001,316493078,1409266719,footway,footway,,,,,False,True,False,False,0.0,1.0,97.47038649122757,False,suspicious_grade_jump,False
60281,682234.86,3553507.597,316493092_000023,1411347532_000001,316493092,1411347532,footway,footway,,,,,False,True,False,False,0.0,1.0,89.62212852920193,False,suspicious_grade_jump,False
60281,682234.86,3553507.597,316493092_000024,1411347532_000001,316493092,1411347532,footway,footway,,,,,False,True,False,False,0.0,1.0,90.21925670589525,False,suspicious_grade_jump,False
60282,682253.921,3553520.183,316493092_000024,1411347533_000001,316493092,1411347533,footway,footway,,,,,False,True,False,False,0.0,1.0,90.41306217942568,False,suspicious_grade_jump,False
60282,682253.921,3553520.183,316493092_000025,1411347533_000001,316493092,1411347533,footway,footway,,,,,False,True,False,False,0.0,1.0,89.63844382625325,False,suspicious_grade_jump,False
60556,667847.116,3564682.256,317472045_000018,320984826_000002,317472045,320984826,residential,residential,小江河南路,,,,False,True,False,False,0.0,1.0,80.30006730477265,False,suspicious_grade_jump,False
60556,667847.116,3564682.256,317472045_000019,320984826_000002,317472045,320984826,residential,residential,小江河南路,,,,False,True,False,False,0.0,1.0,87.48394702516678,False,suspicious_grade_jump,False
60583,668737.049,3565151.335,317472045_000045,320984825_000002,317472045,320984825,residential,residential,小江河南路,,,,False,True,False,False,0.0,1.0,89.42808227619444,False,suspicious_grade_jump,False
60583,668737.049,3565151.335,317472045_000046,320984825_000002,317472045,320984825,residential,residential,小江河南路,,,,False,True,False,False,0.0,1.0,87.59654686948815,False,suspicious_grade_jump,False
60599,669393.957,3565256.6,317472045_000061,320984824_000002,317472045,320984824,residential,residential,小江河南路,,,,False,True,False,False,0.0,1.0,92.61268074795468,False,suspicious_grade_jump,False
60599,669393.957,3565256.6,317472045_000062,320984824_000002,317472045,320984824,residential,residential,小江河南路,,,,False,True,False,False,0.0,1.0,86.05820080077801,False,suspicious_grade_jump,False
62594,667414.596,3543554.764,318051716_000016,1524823332_000030,318051716,1524823332,path,service,,,,,False,False,False,False,0.0,1.0,97.75474085227161,False,suspicious_grade_jump,False
62594,667414.596,3543554.764,318051716_000016,1524823332_000031,318051716,1524823332,path,service,,,,,False,False,False,False,0.0,1.0,86.148640938504,False,suspicious_grade_jump,False
62594,667414.596,3543554.764,1008801409_000002,1524823332_000030,1008801409,1524823332,primary,service,中山南路,,,,False,False,False,False,0.0,1.0,180.0,False,suspicious_grade_jump,False
62594,667414.596,3543554.764,1008801409_000003,1524823332_000031,1008801409,1524823332,primary,service,中山南路,,,,False,False,False,False,0.0,1.0,179.99999914622634,False,suspicious_grade_jump,False
62603,667619.735,3543985.891,318055930_000001,1524823332_000045,318055930,1524823332,residential,service,旋子巷,,,,False,False,False,False,0.0,1.0,79.54412761660741,False,suspicious_grade_jump,False
62603,667619.735,3543985.891,318055930_000001,1524823332_000046,318055930,1524823332,residential,service,旋子巷,,,,False,False,False,False,0.0,1.0,98.17655704206153,False,suspicious_grade_jump,False
62603,667619.735,3543985.891,1126672840_000003,1524823332_000045,1126672840,1524823332,primary,service,中山南路,,,,False,False,False,False,0.0,1.0,179.99999914622634,False,suspicious_grade_jump,False
62603,667619.735,3543985.891,1126672840_000004,1524823332_000046,1126672840,1524823332,primary,service,中山南路,,,,False,False,False,False,0.0,1.0,179.99999914622634,False,suspicious_grade_jump,False
62972,668596.755,3543053.18,318162424_000010,1183596128_000013,318162424,1183596128,living_street,living_street,,,,,False,False,False,False,0.0,-1.0,152.95634443202005,False,suspicious_grade_jump,False
62980,668145.937,3543395.354,318162425_000003,777418547_000004,318162425,777418547,unclassified,footway,,,,,False,False,False,False,0.0,-1.0,83.44754682540105,False,suspicious_grade_jump,False
62980,668145.937,3543395.354,318162425_000004,777418547_000004,318162425,777418547,unclassified,footway,,,,,False,False,False,False,0.0,-1.0,87.42346691925945,False,suspicious_grade_jump,False
63000,667608.048,3543946.187,318162952_000001,1524823332_000044,318162952,1524823332,service,service,,,,,False,False,False,False,0.0,1.0,72.92702551053937,False,suspicious_grade_jump,False
63000,667608.048,3543946.187,318162952_000001,1524823332_000045,318162952,1524823332,service,service,,,,,False,False,False,False,0.0,1.0,95.72709384286506,False,suspicious_grade_jump,False
63000,667608.048,3543946.187,1126672840_000002,1524823332_000044,1126672840,1524823332,primary,service,中山南路,,,,False,False,False,False,0.0,1.0,177.12167588575232,False,suspicious_grade_jump,False
63000,667608.048,3543946.187,1126672840_000003,1524823332_000045,1126672840,1524823332,primary,service,中山南路,,,,False,False,False,False,0.0,1.0,179.99999914622634,False,suspicious_grade_jump,False
63017,667582.266,3543897.18,318162953_000001,1524823332_000042,318162953,1524823332,unclassified,service,璇子巷 糖坊廊 长乐街,,,,False,False,False,False,0.0,1.0,130.127555084733,False,suspicious_grade_jump,False
63017,667582.266,3543897.18,318162953_000001,1524823332_000043,318162953,1524823332,unclassified,service,璇子巷 糖坊廊 长乐街,,,,False,False,False,False,0.0,1.0,50.18359161519371,False,suspicious_grade_jump,False
63017,667582.266,3543897.18,1126672840_000001,1524823332_000043,1126672840,1524823332,primary,service,中山南路,,,,False,False,False,False,0.0,1.0,176.9009649247945,False,suspicious_grade_jump,False
63134,667448.399,3543659.228,318165468_000001,1524823332_000034,318165468,1524823332,residential,service,甘露巷,,,,False,False,False,False,0.0,1.0,86.6113428475276,False,suspicious_grade_jump,False
63134,667448.399,3543659.228,318165468_000001,1524823332_000035,318165468,1524823332,residential,service,甘露巷,,,,False,False,False,False,0.0,1.0,94.6251814369421,False,suspicious_grade_jump,False
63134,667448.399,3543659.228,1008801409_000006,1524823332_000034,1008801409,1524823332,primary,service,中山南路,,,,False,False,False,False,0.0,1.0,180.0,False,suspicious_grade_jump,False
63134,667448.399,3543659.228,1008801409_000007,1524823332_000035,1008801409,1524823332,primary,service,中山南路,,,,False,False,False,False,0.0,1.0,179.99999879258172,False,suspicious_grade_jump,False
63943,669765.208,3546742.254,319054781_000001,1061577694_000004,319054781,1061577694,footway,tertiary,,汉府街,,,False,False,False,False,-1.0,0.0,90.2081916971315,False,suspicious_grade_jump,False
63943,669765.208,3546742.254,319054781_000001,1061577694_000005,319054781,1061577694,footway,tertiary,,汉府街,,,False,False,False,False,-1.0,0.0,88.15903001142381,False,suspicious_grade_jump,False
64446,680156.583,3554560.151,320020186_000003,423022853_000002,320020186,423022853,living_street,primary,三江北路（学林恒力桥）,学林路,,,True,False,False,False,1.0,0.0,95.29866412970537,False,suspicious_grade_jump,False
64446,680156.583,3554560.151,320020186_000003,423022853_000003,320020186,423022853,living_street,primary,三江北路（学林恒力桥）,学林路,,,True,False,False,False,1.0,0.0,84.70445521122072,False,suspicious_grade_jump,False
64446,680156.583,3554560.151,320020186_000004,423022853_000002,320020186,423022853,living_street,primary,三江北路（学林恒力桥）,学林路,,,True,False,False,False,1.0,0.0,78.60097435057787,False,suspicious_grade_jump,False
64446,680156.583,3554560.151,320020186_000004,423022853_000003,320020186,423022853,living_street,primary,三江北路（学林恒力桥）,学林路,,,True,False,False,False,1.0,0.0,101.39590630849607,False,suspicious_grade_jump,False
65782,669385.268,3565316.131,320984543_000002,320984824_000001,320984543,320984824,secondary,residential,小江河北路,,,,False,True,False,False,0.0,1.0,84.25674181494644,False,suspicious_grade_jump,False
65782,669385.268,3565316.131,320984543_000003,320984824_000001,320984543,320984824,secondary,residential,小江河北路,,,,False,True,False,False,0.0,1.0,96.4529502325907,False,suspicious_grade_jump,False
65833,668721.191,3565205.589,320984825_000001,940668973_000047,320984825,940668973,residential,secondary,,小江河北路,,,True,False,False,False,1.0,0.0,92.79971203339956,False,suspicious_grade_jump,False
65833,668721.191,3565205.589,320984825_000001,940668973_000048,320984825,940668973,residential,secondary,,小江河北路,,,True,False,False,False,1.0,0.0,88.86690909713117,False,suspicious_grade_jump,False
65835,667808.15,3564716.189,320984826_000001,940668973_000021,320984826,940668973,residential,secondary,,小江河北路,,,True,False,False,False,1.0,0.0,96.43959848594585,False,suspicious_grade_jump,False
65835,667808.15,3564716.189,320984826_000001,940668973_000022,320984826,940668973,residential,secondary,,小江河北路,,,True,False,False,False,1.0,0.0,90.10888256234408,False,suspicious_grade_jump,False
65878,672613.656,3564368.926,320985048_000001,938813145_000001,320985048,938813145,residential,residential,,,,,True,False,False,False,1.0,0.0,73.47701004053518,False,suspicious_grade_jump,False
66152,671945.708,3562065.562,321067088_000002,321067118_000001,321067088,321067118,residential,unclassified,,,,,False,True,False,False,0.0,1.0,89.50594951677103,False,suspicious_grade_jump,False
66152,671945.708,3562065.562,321067088_000003,321067118_000001,321067088,321067118,residential,unclassified,,,,,False,True,False,False,0.0,1.0,93.11126622784327,False,suspicious_grade_jump,False
66173,672250.825,3562916.171,321067088_000023,321067385_000001,321067088,321067385,residential,unclassified,,,,,False,True,False,False,0.0,1.0,97.02776846203474,False,suspicious_grade_jump,False
66173,672250.825,3562916.171,321067385_000001,992449369_000001,321067385,992449369,unclassified,residential,,,,,True,False,False,False,1.0,0.0,85.36510667395851,False,suspicious_grade_jump,False
66215,671703.913,3561400.345,321067162_000002,992449385_000001,321067162,992449385,unclassified,residential,,,,,True,False,False,False,1.0,0.0,88.07305116709749,False,suspicious_grade_jump,False
66215,671703.913,3561400.345,321067162_000002,992449385_000002,321067162,992449385,unclassified,residential,,,,,True,False,False,False,1.0,0.0,92.11348588169268,False,suspicious_grade_jump,False
66216,671637.197,3561423.314,321067257_000001,424871054_000017,321067257,424871054,unclassified,tertiary,,,,,True,False,False,False,1.0,0.0,97.48317870211267,False,suspicious_grade_jump,False
66216,671637.197,3561423.314,321067257_000001,424871054_000018,321067257,424871054,unclassified,tertiary,,,,,True,False,False,False,1.0,0.0,82.53026015995061,False,suspicious_grade_jump,False
66217,671623.646,3561385.245,321067257_000001,321067263_000001,321067257,321067263,unclassified,tertiary,,,,,True,False,False,False,1.0,0.0,89.0818286755627,False,suspicious_grade_jump,False
67308,660210.529,3541619.683,321392362_000013,1350651980_000001,321392362,1350651980,footway,steps,南京眼步行桥,,,,True,False,False,False,2.0,0.0,99.16042515227375,False,suspicious_grade_jump,False
67308,660210.529,3541619.683,321392362_000014,1350651980_000001,321392362,1350651980,footway,steps,南京眼步行桥,,,,True,False,False,False,2.0,0.0,83.9473178963453,False,suspicious_grade_jump,False
67506,665304.799,3549288.089,321578568_000005,974503242_000004,321578568,974503242,primary,footway,虎踞路,,,,False,False,False,True,0.0,-1.0,87.43307030489905,False,suspicious_grade_jump,False
67506,665304.799,3549288.089,321578568_000006,974503242_000004,321578568,974503242,primary,footway,虎踞路,,,,False,False,False,True,0.0,-1.0,92.56404984640221,False,suspicious_grade_jump,False
67508,665316.784,3549331.056,321578568_000007,974503242_000001,321578568,974503242,primary,footway,虎踞路,,,,False,False,False,True,0.0,-1.0,87.82797829962738,False,suspicious_grade_jump,False
67508,665316.784,3549331.056,321578568_000008,974503242_000001,321578568,974503242,primary,footway,虎踞路,,,,False,False,False,True,0.0,-1.0,92.1701564527055,False,suspicious_grade_jump,False
67511,665275.651,3549273.421,321578787_000003,974503241_000001,321578787,974503241,primary,footway,虎踞路,,,,False,False,False,True,0.0,-1.0,88.03707119491966,False,suspicious_grade_jump,False
67511,665275.651,3549273.421,321578787_000004,974503241_000001,321578787,974503241,primary,footway,虎踞路,,,,False,False,False,True,0.0,-1.0,91.9693086867745,False,suspicious_grade_jump,False
69305,666041.903,3545201.973,323272360_000008,323272884_000004,323272360,323272884,footway,footway,,,,,True,False,False,False,1.0,0.0,52.131697372222774,False,suspicious_grade_jump,False
69305,666041.903,3545201.973,323272360_000008,323272884_000005,323272360,323272884,footway,footway,,,,,True,False,False,False,1.0,0.0,117.12197297934429,False,suspicious_grade_jump,False
69307,666111.27,3545165.52,323272361_000002,323272884_000012,323272361,323272884,footway,footway,,,,,True,False,False,False,1.0,0.0,97.33866228414936,False,suspicious_grade_jump,False
69307,666111.27,3545165.52,323272361_000002,323272884_000013,323272361,323272884,footway,footway,,,,,True,False,False,False,1.0,0.0,92.37686541166994,False,suspicious_grade_jump,False
69309,666084.277,3545191.263,323272881_000002,323272884_000008,323272881,323272884,footway,footway,,,,,True,False,False,False,1.0,0.0,110.55652781612585,False,suspicious_grade_jump,False
69309,666084.277,3545191.263,323272881_000002,323272884_000009,323272881,323272884,footway,footway,,,,,True,False,False,False,1.0,0.0,79.32534648454399,False,suspicious_grade_jump,False
69311,666124.024,3545115.626,323272882_000002,323272884_000016,323272882,323272884,footway,footway,,,,,True,False,False,False,1.0,0.0,93.80471626962925,False,suspicious_grade_jump,False
69311,666124.024,3545115.626,323272882_000002,323272884_000017,323272882,323272884,footway,footway,,,,,True,False,False,False,1.0,0.0,93.62708068100369,False,suspicious_grade_jump,False
69311,666124.024,3545115.626,323272884_000016,1311398327_000001,323272884,1311398327,footway,footway,,,,,False,False,False,False,0.0,1.0,84.31128892775146,False,suspicious_grade_jump,False
69311,666124.024,3545115.626,323272884_000017,1311398327_000001,323272884,1311398327,footway,footway,,,,,False,False,False,False,0.0,1.0,88.25691412161561,False,suspicious_grade_jump,False
69509,668149.398,3542744.871,323421069_000007,323421072_000007,323421069,323421072,residential,residential,,,,,False,False,False,False,0.0,3.0,104.24435291788718,False,suspicious_grade_jump,False
69509,668149.398,3542744.871,323421069_000008,323421072_000007,323421069,323421072,residential,residential,,,,,False,False,False,False,0.0,3.0,61.73398148910048,False,suspicious_grade_jump,False
69520,668059.965,3542734.848,323421071_000005,323421072_000001,323421071,323421072,residential,residential,,,,,False,False,False,False,0.0,3.0,98.8998334308554,False,suspicious_grade_jump,False
69520,668059.965,3542734.848,323421071_000006,323421072_000001,323421071,323421072,residential,residential,,,,,False,False,False,False,0.0,3.0,81.0923307015775,False,suspicious_grade_jump,False
69620,668344.365,3545176.666,323618179_000011,323618180_000001,323618179,323618180,residential,residential,,,,,False,True,False,False,0.0,1.0,88.57905311124757,False,suspicious_grade_jump,False
69620,668344.365,3545176.666,323618179_000012,323618180_000001,323618179,323618180,residential,residential,,,,,False,True,False,False,0.0,1.0,91.76614059164619,False,suspicious_grade_jump,False
70831,667660.608,3544192.819,323774006_000001,1524823332_000052,323774006,1524823332,primary,service,中山南路,,,,False,False,False,False,0.0,1.0,156.40102567620704,False,suspicious_grade_jump,False
70831,667660.608,3544192.819,422195826_000001,1395424248_000001,422195826,1395424248,secondary,service,集庆路,,,,False,True,False,False,0.0,1.0,62.365997066163004,False,suspicious_grade_jump,False
70831,667660.608,3544192.819,422195826_000001,1524823332_000052,422195826,1524823332,secondary,service,集庆路,,,,False,False,False,False,0.0,1.0,114.78934404971898,False,suspicious_grade_jump,False
70831,667660.608,3544192.819,422959068_000010,1395424248_000001,422959068,1395424248,secondary,service,长乐路,,,,False,True,False,False,0.0,1.0,100.50889444593467,False,suspicious_grade_jump,False
70831,667660.608,3544192.819,422959068_000010,1524823332_000052,422959068,1524823332,secondary,service,长乐路,,,,False,False,False,False,0.0,1.0,82.33576443818338,False,suspicious_grade_jump,False
70831,667660.608,3544192.819,788487956_000012,1395424248_000001,788487956,1395424248,primary,service,中山南路,,,,False,True,False,False,0.0,1.0,179.80706810373357,False,suspicious_grade_jump,False
70831,667660.608,3544192.819,1126672840_000010,1524823332_000052,1126672840,1524823332,primary,service,中山南路,,,,False,False,False,False,0.0,1.0,180.0,False,suspicious_grade_jump,False
70831,667660.608,3544192.819,1395424248_000001,1444120368_000001,1395424248,1444120368,service,residential,,,,,True,False,False,False,1.0,0.0,116.86161565963066,False,suspicious_grade_jump,False
70831,667660.608,3544192.819,1444120368_000001,1524823332_000052,1444120368,1524823332,residential,service,,,,,False,False,False,False,0.0,1.0,60.29372545625131,False,suspicious_grade_jump,False
70841,667454.224,3543674.461,323774009_000001,1524823332_000036,323774009,1524823332,primary,service,中山南路,,,,False,False,False,False,0.0,1.0,180.0,False,suspicious_grade_jump,False
70841,667454.224,3543674.461,1008801409_000007,1524823332_000035,1008801409,1524823332,primary,service,中山南路,,,,False,False,False,False,0.0,1.0,179.99999879258172,False,suspicious_grade_jump,False
70842,667475.381,3543710.586,323774009_000001,1524823332_000036,323774009,1524823332,primary,service,中山南路,,,,False,False,False,False,0.0,1.0,180.0,False,suspicious_grade_jump,False
70842,667475.381,3543710.586,323774009_000002,1524823332_000037,323774009,1524823332,primary,service,中山南路,,,,False,False,False,False,0.0,1.0,180.0,False,suspicious_grade_jump,False
70843,667496.538,3543746.711,323774009_000002,1524823332_000037,323774009,1524823332,primary,service,中山南路,,,,False,False,False,False,0.0,1.0,180.0,False,suspicious_grade_jump,False
70843,667496.538,3543746.711,323774009_000003,1524823332_000038,323774009,1524823332,primary,service,中山南路,,,,False,False,False,False,0.0,1.0,180.0,False,suspicious_grade_jump,False
70844,667517.695,3543782.836,323774009_000003,1524823332_000038,323774009,1524823332,primary,service,中山南路,,,,False,False,False,False,0.0,1.0,180.0,False,suspicious_grade_jump,False
70844,667517.695,3543782.836,323774009_000004,1524823332_000039,323774009,1524823332,primary,service,中山南路,,,,False,False,False,False,0.0,1.0,180.0,False,suspicious_grade_jump,False
70845,667555.716,3543846.042,323774009_000005,1524823332_000040,323774009,1524823332,primary,service,中山南路,,,,False,False,False,False,0.0,1.0,180.0,False,suspicious_grade_jump,False
71092,667633.18,3544055.455,323816195_000006,1524823332_000047,323816195,1524823332,residential,service,,,,,False,False,False,False,0.0,1.0,93.2720972215247,False,suspicious_grade_jump,False
71092,667633.18,3544055.455,323816195_000006,1524823332_000048,323816195,1524823332,residential,service,,,,,False,False,False,False,0.0,1.0,89.37881898648935,False,suspicious_grade_jump,False
71092,667633.18,3544055.455,1126672840_000005,1524823332_000047,1126672840,1524823332,primary,service,中山南路,,,,False,False,False,False,0.0,1.0,180.0,False,suspicious_grade_jump,False
71092,667633.18,3544055.455,1126672840_000006,1524823332_000048,1126672840,1524823332,primary,service,中山南路,,,,False,False,False,False,0.0,1.0,180.0,False,suspicious_grade_jump,False
73537,663740.608,3553001.475,777614173_000001,1056187643_000012,777614173,1056187643,residential,footway,江边路,,,,True,False,False,False,1.0,0.0,99.93300456611696,False,suspicious_grade_jump,False
73537,663740.608,3553001.475,777614173_000001,1431072523_000001,777614173,1431072523,residential,footway,江边路,,,,True,False,False,False,1.0,0.0,94.01279772858618,False,suspicious_grade_jump,False
77704,664772.435,3557145.066,336767610_000004,336965967_000001,336767610,336965967,residential,steps,拥江路,,,,False,True,False,False,0.0,0.0,104.71813651061271,False,suspicious_grade_jump,False
77704,664772.435,3557145.066,336767610_000005,336965967_000001,336767610,336965967,residential,steps,拥江路,,,,False,True,False,False,0.0,0.0,75.27494694366742,False,suspicious_grade_jump,False
77926,664290.941,3557297.366,336768752_000013,337283588_000001,336768752,337283588,service,steps,,,,,False,True,False,False,0.0,0.0,94.17822401975408,False,suspicious_grade_jump,False
77926,664290.941,3557297.366,336768752_000014,337283588_000001,336768752,337283588,service,steps,,,,,False,True,False,False,0.0,0.0,67.04192083768812,False,suspicious_grade_jump,False
80718,670486.289,3548150.947,360891327_000012,363607527_000004,360891327,363607527,service,service,,,,,False,False,False,False,0.0,-1.0,119.00593935846342,False,suspicious_grade_jump,False
80718,670486.289,3548150.947,360891327_000013,363607527_000004,360891327,363607527,service,service,,,,,False,False,False,False,0.0,-1.0,61.02732779118818,False,suspicious_grade_jump,False
82538,654224.169,3564695.241,367173325_000038,379357710_000004,367173325,379357710,tertiary,unclassified,,,,,False,True,False,False,0.0,1.0,87.27812791693997,False,suspicious_grade_jump,False
82538,654224.169,3564695.241,367173325_000038,379357710_000005,367173325,379357710,tertiary,unclassified,,,,,False,True,False,False,0.0,1.0,101.11181363158393,False,suspicious_grade_jump,False
82538,654224.169,3564695.241,367173325_000039,379357710_000004,367173325,379357710,tertiary,unclassified,,,,,False,True,False,False,0.0,1.0,88.96826928108509,False,suspicious_grade_jump,False
82538,654224.169,3564695.241,367173325_000039,379357710_000005,367173325,379357710,tertiary,unclassified,,,,,False,True,False,False,0.0,1.0,82.64178917039104,False,suspicious_grade_jump,False
85234,677794.695,3552748.785,369692804_000003,1425153720_000001,369692804,1425153720,residential,residential,,,,,False,False,False,False,0.0,1.0,85.69085495675442,False,suspicious_grade_jump,False
85234,677794.695,3552748.785,369692804_000004,1425153720_000001,369692804,1425153720,residential,residential,,,,,False,False,False,False,0.0,1.0,94.31687647517035,False,suspicious_grade_jump,False
85243,677966.513,3552716.046,369692804_000012,1425153720_000008,369692804,1425153720,residential,residential,,,,,False,False,False,False,0.0,1.0,85.69387770737087,False,suspicious_grade_jump,False
85243,677966.513,3552716.046,369692804_000013,1425153720_000008,369692804,1425153720,residential,residential,,,,,False,False,False,False,0.0,1.0,94.32288308010182,False,suspicious_grade_jump,False
87081,671806.873,3547854.008,374655798_000012,374656151_000001,374655798,374656151,footway,footway,,,,,False,False,False,True,0.0,0.0,89.41302228276295,False,suspicious_grade_jump,False
87093,671813.79,3547879.587,374656151_000001,374694773_000008,374656151,374694773,footway,footway,,,,,False,False,True,False,0.0,0.0,65.1865120713406,False,suspicious_grade_jump,False
87093,671813.79,3547879.587,374656151_000001,374694773_000009,374656151,374694773,footway,footway,,,,,False,False,True,False,0.0,0.0,89.51787733629176,False,suspicious_grade_jump,False
88130,680200.414,3568262.255,377568590_000022,1525215253_000001,377568590,1525215253,residential,service,,,,,False,True,False,False,0.0,1.0,87.65556004898949,False,suspicious_grade_jump,False
88130,680200.414,3568262.255,377568590_000023,1525215253_000001,377568590,1525215253,residential,service,,,,,False,True,False,False,0.0,1.0,91.22464194898708,False,suspicious_grade_jump,False
88133,680179.787,3568399.447,377568590_000026,1525215251_000001,377568590,1525215251,residential,residential,,,,,False,True,False,False,0.0,1.0,88.46331287880548,False,suspicious_grade_jump,False
88133,680179.787,3568399.447,377568590_000027,1525215251_000001,377568590,1525215251,residential,residential,,,,,False,True,False,False,0.0,1.0,91.29224891944709,False,suspicious_grade_jump,False
88468,679633.7,3566635.391,377568610_000018,1525215217_000001,377568610,1525215217,tertiary,unclassified,,,,,False,True,False,False,0.0,1.0,91.2243141153496,False,suspicious_grade_jump,False
88468,679633.7,3566635.391,377568610_000019,1525215217_000001,377568610,1525215217,tertiary,unclassified,,,,,False,True,False,False,0.0,1.0,89.0422832061089,False,suspicious_grade_jump,False
89905,682399.488,3553031.883,378334172_000022,673044225_000001,378334172,673044225,service,residential,,,,,False,True,False,False,0.0,1.0,81.69624553210407,False,suspicious_grade_jump,False
89905,682399.488,3553031.883,673044225_000001,673044227_000004,673044225,673044227,residential,residential,,,,,True,False,False,False,1.0,0.0,89.72165301209768,False,suspicious_grade_jump,False
90763,654172.827,3564683.903,379357710_000001,1516018292_000001,379357710,1516018292,unclassified,unclassified,,,,,True,False,False,False,1.0,0.0,91.28349457063729,False,suspicious_grade_jump,False
90763,654172.827,3564683.903,379357710_000001,1518562995_000001,379357710,1518562995,unclassified,unclassified,,,,,True,False,False,False,1.0,0.0,88.39875851922008,False,suspicious_grade_jump,False
90783,654618.467,3564841.542,379357710_000021,1518562613_000032,379357710,1518562613,unclassified,unclassified,,,,,True,False,False,False,1.0,0.0,96.62567681160597,False,suspicious_grade_jump,False
90783,654618.467,3564841.542,379357710_000022,1518562613_000032,379357710,1518562613,unclassified,unclassified,,,,,True,False,False,False,1.0,0.0,83.37655029919013,False,suspicious_grade_jump,False
90785,654683.393,3564868.305,379357710_000023,379357711_000012,379357710,379357711,unclassified,tertiary,,,,,True,False,False,False,1.0,0.0,119.89931859948695,False,suspicious_grade_jump,False
90785,654683.393,3564868.305,379357710_000023,379357711_000013,379357710,379357711,unclassified,tertiary,,,,,True,False,False,False,1.0,0.0,90.6187897705597,False,suspicious_grade_jump,False
90947,684011.988,3552858.321,380216605_000019,852008628_000001,380216605,852008628,service,residential,,,,,False,True,False,False,0.0,1.0,72.47700841713555,False,suspicious_grade_jump,False
91396,661196.595,3539194.778,388620173_000003,1427849146_000004,388620173,1427849146,tertiary,service,友谊街,,,,False,False,False,False,0.0,-1.0,90.57755554013895,False,suspicious_grade_jump,False
91396,661196.595,3539194.778,388620173_000004,1427849146_000004,388620173,1427849146,tertiary,service,友谊街,,,,False,False,False,False,0.0,-1.0,89.42714417586012,False,suspicious_grade_jump,False
91402,661356.596,3538984.281,388620173_000009,1460838330_000001,388620173,1460838330,tertiary,service,友谊街,,,,False,False,False,False,0.0,-1.0,117.64441651720793,False,suspicious_grade_jump,False
91402,661356.596,3538984.281,388620173_000010,1460838330_000001,388620173,1460838330,tertiary,service,友谊街,,,,False,False,False,False,0.0,-1.0,62.33393276319205,False,suspicious_grade_jump,False
92338,654813.762,3554075.993,404829116_000001,857492851_000005,404829116,857492851,footway,footway,,,,,True,False,False,False,1.0,0.0,55.96245378287327,False,suspicious_grade_jump,False
92909,678533.941,3529753.026,405290619_000004,550401726_000001,405290619,550401726,residential,living_street,,,,,False,True,False,False,0.0,1.0,85.56293512909565,False,suspicious_grade_jump,False
92909,678533.941,3529753.026,405290619_000005,550401726_000001,405290619,550401726,residential,living_street,,,,,False,True,False,False,0.0,1.0,92.18530142761767,False,suspicious_grade_jump,False
93101,668395.33,3551884.496,405950218_000001,405950219_000001,405950218,405950219,unclassified,unclassified,龙溪巷,,,,False,True,False,False,0.0,0.0,46.738186644673036,False,suspicious_grade_jump,False
95033,674235.826,3537001.628,414241393_000001,414241396_000010,414241393,414241396,residential,residential,,,,,False,False,False,False,0.0,-1.0,67.26582243704128,False,suspicious_grade_jump,False
95033,674235.826,3537001.628,414241394_000001,414241396_000010,414241394,414241396,residential,residential,,,,,False,False,False,False,0.0,-1.0,113.63271358948546,False,suspicious_grade_jump,False
95630,664505.679,3544414.589,779278394_000001,1318279681_000001,779278394,1318279681,residential,footway,所街,,,,True,False,False,False,1.0,0.0,120.5282618026189,False,suspicious_grade_jump,False
98076,665240.042,3551651.746,422970673_000016,674021444_000003,422970673,674021444,residential,residential,,,,,False,True,False,False,0.0,1.0,93.2567457544331,False,suspicious_grade_jump,False
98076,665240.042,3551651.746,422970673_000017,674021444_000003,422970673,674021444,residential,residential,,,,,False,True,False,False,0.0,1.0,99.79105925310861,False,suspicious_grade_jump,False
98189,665938.341,3551816.824,422970687_000015,777614166_000001,422970687,777614166,residential,residential,金川河西路,,,,False,True,False,False,0.0,1.0,89.13095201914503,False,suspicious_grade_jump,False
100819,668819.026,3546036.292,423287196_000020,1266646361_000001,423287196,1266646361,secondary,path,太平南路,,,,False,False,False,False,0.0,-1.0,84.71994327985956,False,suspicious_grade_jump,False
100819,668819.026,3546036.292,423287196_000021,1266646361_000001,423287196,1266646361,secondary,path,太平南路,,,,False,False,False,False,0.0,-1.0,95.31422537295555,False,suspicious_grade_jump,False
100824,670954.476,3549422.122,423314370_000002,860356156_000001,423314370,860356156,secondary,footway,板仓街,,,,False,False,False,True,0.0,-1.0,93.18606193114105,False,suspicious_grade_jump,False
100824,670954.476,3549422.122,423314370_000002,860356156_000002,423314370,860356156,secondary,footway,板仓街,,,,False,False,False,True,0.0,-1.0,86.81311966423462,False,suspicious_grade_jump,False
100824,670954.476,3549422.122,423314370_000003,860356156_000001,423314370,860356156,secondary,footway,板仓街,,,,False,False,False,True,0.0,-1.0,91.08630552197285,False,suspicious_grade_jump,False
100824,670954.476,3549422.122,423314370_000003,860356156_000002,423314370,860356156,secondary,footway,板仓街,,,,False,False,False,True,0.0,-1.0,88.9145128826515,False,suspicious_grade_jump,False
100824,670954.476,3549422.122,423314374_000004,860356156_000001,423314374,860356156,primary_link,footway,,,,,False,False,False,True,0.0,-1.0,130.05541696942012,False,suspicious_grade_jump,False
100824,670954.476,3549422.122,423314374_000004,860356156_000002,423314374,860356156,primary_link,footway,,,,,False,False,False,True,0.0,-1.0,49.943764625955545,False,suspicious_grade_jump,False
100824,670954.476,3549422.122,763482821_000001,860356156_000001,763482821,860356156,primary_link,footway,,,,,False,False,False,True,0.0,-1.0,56.46508661761436,False,suspicious_grade_jump,False
100824,670954.476,3549422.122,763482821_000001,860356156_000002,763482821,860356156,primary_link,footway,,,,,False,False,False,True,0.0,-1.0,123.53409497776131,False,suspicious_grade_jump,False
101109,665711.943,3548762.96,423512775_000009,1096173675_000001,423512775,1096173675,primary,service,北京西路,,,,False,False,False,False,0.0,-1.0,80.63356348215325,False,suspicious_grade_jump,False
101109,665711.943,3548762.96,423512775_000010,1096173675_000001,423512775,1096173675,primary,service,北京西路,,,,False,False,False,False,0.0,-1.0,99.36023084243351,False,suspicious_grade_jump,False
102146,665362.332,3550700.981,424713229_000042,855459414_000001,424713229,855459414,secondary,service,察哈尔路,,,,False,False,False,False,0.0,-1.0,95.1376708906438,False,suspicious_grade_jump,False
102146,665362.332,3550700.981,424713229_000043,855459414_000001,424713229,855459414,secondary,service,察哈尔路,,,,False,False,False,False,0.0,-1.0,82.21514479783774,False,suspicious_grade_jump,False
103396,663770.939,3567725.916,424893271_000010,590302073_000005,424893271,590302073,secondary,footway,园西路,,,,False,False,False,True,0.0,-1.0,83.92006050888732,False,suspicious_grade_jump,False
103396,663770.939,3567725.916,424893271_000010,590302073_000006,424893271,590302073,secondary,footway,园西路,,,,False,False,False,True,0.0,-1.0,96.1506263044105,False,suspicious_grade_jump,False
103396,663770.939,3567725.916,424893271_000011,590302073_000005,424893271,590302073,secondary,footway,园西路,,,,False,False,False,True,0.0,-1.0,99.73698036460657,False,suspicious_grade_jump,False
103396,663770.939,3567725.916,424893271_000011,590302073_000006,424893271,590302073,secondary,footway,园西路,,,,False,False,False,True,0.0,-1.0,80.19233282209564,False,suspicious_grade_jump,False
104822,669233.868,3547411.924,425461020_000014,949327407_000001,425461020,949327407,secondary,living_street,珠江路,,,,False,False,False,False,0.0,-1.0,86.60391222111129,False,suspicious_grade_jump,False
104822,669233.868,3547411.924,425461020_000015,949327407_000001,425461020,949327407,secondary,living_street,珠江路,,,,False,False,False,False,0.0,-1.0,93.38265404595757,False,suspicious_grade_jump,False
105017,660572.608,3540333.321,425476626_000020,1148194758_000002,425476626,1148194758,secondary,unclassified,邺城路,青奥南路,,,False,True,False,False,0.0,1.0,99.7020369320964,False,suspicious_grade_jump,False
105017,660572.608,3540333.321,425476626_000021,1148194758_000002,425476626,1148194758,secondary,unclassified,邺城路,青奥南路,,,False,True,False,False,0.0,1.0,80.72833536513514,False,suspicious_grade_jump,False
107413,680189.948,3548999.505,427816618_000001,427816619_000001,427816618,427816619,service,service,,,,,False,True,False,False,0.0,1.0,46.97518787405087,False,suspicious_grade_jump,False
109017,669207.91,3560451.903,429984579_000001,429984580_000001,429984579,429984580,unclassified,track,,,,,True,False,False,False,1.0,0.0,93.22982844964261,False,suspicious_grade_jump,False
109017,669207.91,3560451.903,429984579_000001,429984581_000001,429984579,429984581,unclassified,track,,,,,True,False,False,False,1.0,0.0,86.80306849779534,False,suspicious_grade_jump,False
110559,668595.646,3546656.813,435442006_000001,860586798_000001,435442006,860586798,steps,footway,,,,,False,False,True,True,0.0,-1.0,86.78757028776279,False,suspicious_grade_jump,False
111171,662912.529,3550265.317,439492747_000002,854927665_000003,439492747,854927665,footway,footway,红云桥,,,,True,False,False,False,1.0,0.0,145.9436672950136,False,suspicious_grade_jump,False
113161,660562.517,3541156.109,445886855_000001,1079936744_000001,445886855,1079936744,footway,footway,,,,,True,True,False,False,2.0,1.0,92.6653854404232,False,suspicious_grade_jump,False
113161,660562.517,3541156.109,445886858_000002,1079936744_000001,445886858,1079936744,footway,footway,南京眼步行桥,,,,True,True,False,False,2.0,1.0,93.67872226411572,False,suspicious_grade_jump,False
113162,660575.011,3541143.464,445886855_000001,656704303_000011,445886855,656704303,footway,footway,,,,,True,False,False,False,2.0,0.0,97.9715964569746,False,suspicious_grade_jump,False
113162,660575.011,3541143.464,445886855_000001,656704303_000012,445886855,656704303,footway,footway,,,,,True,False,False,False,2.0,0.0,83.1251680137896,False,suspicious_grade_jump,False
113163,660555.536,3541145.142,445886856_000001,1079466427_000001,445886856,1079466427,footway,footway,,,,,True,True,False,False,2.0,1.0,98.48744584061942,False,suspicious_grade_jump,False
113163,660555.536,3541145.142,445886857_000002,1079466427_000001,445886857,1079466427,footway,footway,南京眼步行桥,,,,True,True,False,False,2.0,1.0,85.89230470855202,False,suspicious_grade_jump,False
113164,660563.965,3541129.562,445886856_000001,656704303_000012,445886856,656704303,footway,footway,,,,,True,False,False,False,2.0,0.0,113.11666917991772,False,suspicious_grade_jump,False
113164,660563.965,3541129.562,445886856_000001,656704303_000013,445886856,656704303,footway,footway,,,,,True,False,False,False,2.0,0.0,60.444980960994755,False,suspicious_grade_jump,False
115542,662873.538,3530719.5,458517837_000011,1431434854_000001,458517837,1431434854,residential,residential,,,,,False,True,False,False,0.0,1.0,89.20658278838084,False,suspicious_grade_jump,False
115542,662873.538,3530719.5,458517837_000012,1431434854_000001,458517837,1431434854,residential,residential,,,,,False,True,False,False,0.0,1.0,90.79749625503943,False,suspicious_grade_jump,False
115935,671319.175,3558322.439,458525312_000001,990878534_000001,458525312,990878534,tertiary,residential,燕津大道,新燕街,,,False,True,False,False,0.0,1.0,89.13925665231878,False,suspicious_grade_jump,False
115935,671319.175,3558322.439,458525312_000002,990878534_000001,458525312,990878534,tertiary,residential,燕津大道,新燕街,,,False,True,False,False,0.0,1.0,88.74746143682977,False,suspicious_grade_jump,False
116218,661342.247,3539433.919,458714239_000001,1427849142_p1_000001,458714239,1427849142_p1,service,service,,,,,False,False,False,False,0.0,-1.0,88.13374718412342,False,suspicious_grade_jump,False
116218,661342.247,3539433.919,458714239_000002,1427849142_p1_000001,458714239,1427849142_p1,service,service,,,,,False,False,False,False,0.0,-1.0,49.21187194864491,False,suspicious_grade_jump,False
117152,678726.959,3554991.755,466860848_000001,878490876_000001,466860848,878490876,unclassified,unclassified,,,,,False,True,False,False,0.0,1.0,81.20715730424723,False,suspicious_grade_jump,False
118923,673452.842,3545641.153,477972154_000004,1240681716_000001,477972154,1240681716,service,service,,,,,False,False,False,False,0.0,-1.0,153.24930275740695,False,suspicious_grade_jump,False
121103,669250.819,3534900.091,521839882_000001,1052922368_000001,521839882,1052922368,service,footway,南区车行桥,,,,True,False,False,False,1.0,0.0,98.5481176828558,False,suspicious_grade_jump,False
121110,668920.519,3534829.117,521839882_000007,1052922367_000004,521839882,1052922367,service,footway,南区车行桥,,,,True,False,False,False,1.0,0.0,87.90615766626067,False,suspicious_grade_jump,False
121110,668920.519,3534829.117,521839882_000007,1153187633_000001,521839882,1153187633,service,service,南区车行桥,,,,True,False,False,False,1.0,0.0,91.87575456632057,False,suspicious_grade_jump,False
121419,685917.321,3555364.636,525655809_000011,852008681_000001,525655809,852008681,footway,footway,,,,,False,False,False,True,0.0,-1.0,83.13816552279175,False,suspicious_grade_jump,False
122214,656342.813,3538697.661,531190971_000001,531190972_000001,531190971,531190972,footway,pedestrian,,,,,False,False,False,False,1.0,0.0,71.96970613898706,False,suspicious_grade_jump,False
122222,656395.227,3538768.61,531190971_000008,537985854_000001,531190971,537985854,footway,footway,,,,,False,False,False,False,1.0,0.0,143.41168316932698,False,suspicious_grade_jump,False
122222,656395.227,3538768.61,531190971_000008,545223677_000039,531190971,545223677,footway,footway,,,,,False,False,False,False,1.0,0.0,103.50458562721043,False,suspicious_grade_jump,False
122222,656395.227,3538768.61,531190971_000009,545223677_000039,531190971,545223677,footway,footway,,,,,False,False,False,False,1.0,0.0,83.61529295582581,False,suspicious_grade_jump,False
122228,656481.331,3538890.519,531190971_000014,537985853_000001,531190971,537985853,footway,footway,,,,,False,False,False,False,1.0,0.0,104.77873108551395,False,suspicious_grade_jump,False
122228,656481.331,3538890.519,531190971_000015,537985853_000001,531190971,537985853,footway,footway,,,,,False,False,False,False,1.0,0.0,78.17707632658137,False,suspicious_grade_jump,False
122242,656652.146,3539050.986,531190971_000028,531192785_000007,531190971,531192785,footway,footway,,,,,False,False,False,False,1.0,0.0,104.00233533401472,False,suspicious_grade_jump,False
122242,656652.146,3539050.986,531190971_000028,537985851_000001,531190971,537985851,footway,footway,,,,,False,False,False,False,1.0,0.0,78.18230243727628,False,suspicious_grade_jump,False
122242,656652.146,3539050.986,531190971_000029,531192785_000007,531190971,531192785,footway,footway,,,,,False,False,False,False,1.0,0.0,76.00468205711881,False,suspicious_grade_jump,False
122242,656652.146,3539050.986,531190971_000029,537985851_000001,531190971,537985851,footway,footway,,,,,False,False,False,False,1.0,0.0,101.81068017159022,False,suspicious_grade_jump,False
122248,656763.067,3539100.713,531190971_000035,545223674_000001,531190971,545223674,footway,footway,,,,,False,False,False,False,1.0,0.0,139.98988141877794,False,suspicious_grade_jump,False
122254,656850.464,3539171.182,531190971_000040,537983033_000001,531190971,537983033,footway,footway,,,,,False,False,False,False,1.0,0.0,53.42892121794092,False,suspicious_grade_jump,False
122254,656850.464,3539171.182,531190971_000041,537983033_000001,531190971,537983033,footway,footway,,,,,False,False,False,False,1.0,0.0,90.48151150561769,False,suspicious_grade_jump,False
122276,657116.839,3539342.472,531190971_000062,537985842_000001,531190971,537985842,footway,footway,,,,,False,False,False,False,1.0,0.0,83.69246442682977,False,suspicious_grade_jump,False
122276,657116.839,3539342.472,531190971_000063,537985842_000001,531190971,537985842,footway,footway,,,,,False,False,False,False,1.0,0.0,96.31632469617844,False,suspicious_grade_jump,False
122435,652240.359,3547026.638,536245384_000009,580299302_000002,536245384,580299302,primary,service,,,,,False,True,False,False,0.0,1.0,85.92614777092497,False,suspicious_grade_jump,False
122435,652240.359,3547026.638,536245384_000010,580299302_000002,536245384,580299302,primary,service,,,,,False,True,False,False,0.0,1.0,80.0069090061268,False,suspicious_grade_jump,False
122517,660084.943,3539185.077,536819999_000081,536821794_000009,536819999,536821794,footway,footway,,,,,False,True,False,False,0.0,1.0,115.48489940965553,False,suspicious_grade_jump,False
122517,660084.943,3539185.077,536819999_000082,536821794_000009,536819999,536821794,footway,footway,,,,,False,True,False,False,0.0,1.0,62.10842282267879,False,suspicious_grade_jump,False
123127,654645.838,3550043.066,543870153_000005,1177919047_000001,543870153,1177919047,unclassified,footway,厚学南路,,,,False,False,False,False,0.0,-1.0,88.59860342969742,False,suspicious_grade_jump,False
123127,654645.838,3550043.066,543870153_000006,1177919047_000001,543870153,1177919047,unclassified,footway,厚学南路,,,,False,False,False,False,0.0,-1.0,91.41123923952797,False,suspicious_grade_jump,False
123136,654510.881,3550275.015,543870153_000014,1178148450_000001,543870153,1178148450,unclassified,footway,厚学南路,,,,False,False,False,False,0.0,-1.0,92.14608846302932,False,suspicious_grade_jump,False
123136,654510.881,3550275.015,543870153_000015,1178148450_000001,543870153,1178148450,unclassified,footway,厚学南路,,,,False,False,False,False,0.0,-1.0,87.84306841796062,False,suspicious_grade_jump,False
123762,653801.351,3551685.766,547465179_000002,547465180_000001,547465179,547465180,service,service,,,,,False,False,False,False,0.0,-1.0,93.93734708803697,False,suspicious_grade_jump,False
123762,653801.351,3551685.766,547465179_000003,547465180_000001,547465179,547465180,service,service,,,,,False,False,False,False,0.0,-1.0,86.06684964061597,False,suspicious_grade_jump,False
126425,671809.155,3556911.14,553275975_000017,1314426119_000001,553275975,1314426119,tertiary,service,燕春路,,,,False,True,False,False,0.0,1.0,78.4439080287525,False,suspicious_grade_jump,False
126425,671809.155,3556911.14,553275975_000018,1314426119_000001,553275975,1314426119,tertiary,service,燕春路,,,,False,True,False,False,0.0,1.0,101.56482203459294,False,suspicious_grade_jump,False
129531,668917.163,3552041.395,577434860_000001,582751645_000002,577434860,582751645,steps,footway,黄家圩路东(红山南路南),,,,False,False,True,False,-1.0,0.0,136.50061292910095,False,suspicious_grade_jump,False
130199,656694.218,3546993.968,577615097_000004,1044261354_000009,577615097,1044261354,footway,path,彩虹桥,,,,True,False,False,False,0.0,0.0,107.55751234045925,False,suspicious_grade_jump,False
130199,656694.218,3546993.968,577615097_000004,1044261354_000010,577615097,1044261354,footway,path,彩虹桥,,,,True,False,False,False,0.0,0.0,70.04838948066232,False,suspicious_grade_jump,False
130203,661937.642,3554471.964,577615098_000003,582809728_000008,577615098,582809728,service,service,,,,,True,False,False,False,0.0,0.0,140.97272805542343,False,suspicious_grade_jump,False
130241,659980.039,3554788.006,577615113_000001,1075651316_000020,577615113,1075651316,unclassified,unclassified,,,,,True,False,False,False,1.0,0.0,76.54125444930176,False,suspicious_grade_jump,False
130241,659980.039,3554788.006,577615113_000001,1075651316_000021,577615113,1075651316,unclassified,unclassified,,,,,True,False,False,False,1.0,0.0,103.78510267654742,False,suspicious_grade_jump,False
130243,659995.647,3554729.389,577615113_000002,582809735_000042,577615113,582809735,unclassified,unclassified,,,,,True,False,False,False,1.0,0.0,95.55046764617637,False,suspicious_grade_jump,False
130243,659995.647,3554729.389,577615113_000002,582809735_000043,577615113,582809735,unclassified,unclassified,,,,,True,False,False,False,1.0,0.0,98.17224231428389,False,suspicious_grade_jump,False
130414,669666.83,3551537.126,579469054_000007,878490865_000001,579469054,878490865,footway,steps,,,,,False,True,False,False,0.0,1.0,106.83776165114982,False,suspicious_grade_jump,False
130757,664623.395,3554149.648,579770841_000001,1056187639_000008,579770841,1056187639,footway,footway,,,,,False,True,False,False,0.0,1.0,76.6852469505036,False,suspicious_grade_jump,False
131335,656710.219,3552044.296,580297374_000001,580297385_000003,580297374,580297385,footway,footway,,,,,True,False,False,False,0.0,0.0,91.99342705419654,False,suspicious_grade_jump,False
131335,656710.219,3552044.296,580297374_000001,580297385_000004,580297374,580297385,footway,footway,,,,,True,False,False,False,0.0,0.0,88.0358035252544,False,suspicious_grade_jump,False
131337,656767.762,3552000.339,580297374_000002,580297378_000001,580297374,580297378,footway,footway,,,,,True,False,False,False,0.0,0.0,86.71552399184702,False,suspicious_grade_jump,False
131337,656767.762,3552000.339,580297374_000002,580297378_000002,580297374,580297378,footway,footway,,,,,True,False,False,False,0.0,0.0,84.89488749266732,False,suspicious_grade_jump,False
131340,657124.067,3552503.692,580297377_000002,580297383_000001,580297377,580297383,footway,footway,,,,,False,True,False,False,0.0,0.0,92.23866444850447,False,suspicious_grade_jump,False
131340,657124.067,3552503.692,580297377_000003,580297383_000001,580297377,580297383,footway,footway,,,,,False,True,False,False,0.0,0.0,87.68832039353447,False,suspicious_grade_jump,False
131351,657172.933,3552453.149,580297379_000002,580297383_000002,580297379,580297383,footway,footway,,,,,False,True,False,False,0.0,0.0,85.88382639928484,False,suspicious_grade_jump,False
131351,657172.933,3552453.149,580297379_000003,580297383_000002,580297379,580297383,footway,footway,,,,,False,True,False,False,0.0,0.0,96.40083126068392,False,suspicious_grade_jump,False
131394,657696.182,3553063.433,580297382_000002,580297384_000001,580297382,580297384,footway,footway,,,,,False,True,False,False,0.0,0.0,90.28102160834462,False,suspicious_grade_jump,False
131394,657696.182,3553063.433,580297382_000003,580297384_000001,580297382,580297384,footway,footway,,,,,False,True,False,False,0.0,0.0,93.85416334181566,False,suspicious_grade_jump,False
131398,657753.317,3553006.145,580297384_000002,580297386_000001,580297384,580297386,footway,footway,,,,,True,False,False,False,0.0,0.0,91.79178114936174,False,suspicious_grade_jump,False
132163,678168.954,3551884.612,582730490_000009,1367670413_000059,582730490,1367670413,footway,tertiary,,环园东路,,,True,False,False,False,2.0,0.0,86.16324854679941,False,suspicious_grade_jump,False
132163,678168.954,3551884.612,582730490_000009,1367670413_000060,582730490,1367670413,footway,tertiary,,环园东路,,,True,False,False,False,2.0,0.0,93.79691070438993,False,suspicious_grade_jump,False
132163,678168.954,3551884.612,582730490_000010,1367670413_000059,582730490,1367670413,footway,tertiary,,环园东路,,,True,False,False,False,2.0,0.0,93.83582626653681,False,suspicious_grade_jump,False
132163,678168.954,3551884.612,582730490_000010,1367670413_000060,582730490,1367670413,footway,tertiary,,环园东路,,,True,False,False,False,2.0,0.0,86.20401448227385,False,suspicious_grade_jump,False
132289,682156.149,3559318.56,582733555_000040,876562196_000002,582733555,876562196,service,residential,,,,,False,True,False,False,0.0,1.0,102.57827141538786,False,suspicious_grade_jump,False
132289,682156.149,3559318.56,582733555_000041,876562196_000002,582733555,876562196,service,residential,,,,,False,True,False,False,0.0,1.0,79.31457641554168,False,suspicious_grade_jump,False
132975,674052.328,3557751.836,582745270_000001,582745298_000001,582745270,582745298,service,service,,,,,False,False,False,True,0.0,-1.0,78.06054688797367,False,suspicious_grade_jump,False
132975,674052.328,3557751.836,582745298_000001,1315625587_000046,582745298,1315625587,service,tertiary,,迈化路,,,False,False,True,False,-1.0,0.0,97.77360473559814,False,suspicious_grade_jump,False
134208,659275.121,3555322.772,582809731_000006,1062312657_000001,582809731,1062312657,footway,service,,,,,False,False,False,True,0.0,-1.0,96.84934330544002,False,suspicious_grade_jump,False
135334,668584.897,3544326.067,585538327_000001,585539415_000007,585538327,585539415,footway,pedestrian,,贡院街,,,False,False,False,False,0.0,-1.0,94.21648054036474,False,suspicious_grade_jump,False
135334,668584.897,3544326.067,585538327_000001,585539415_000008,585538327,585539415,footway,pedestrian,,贡院街,,,False,False,False,False,0.0,-1.0,89.0150324989823,False,suspicious_grade_jump,False
135355,668633.779,3544365.6,585539415_000005,1382700174_000001,585539415,1382700174,pedestrian,residential,贡院街,,,,False,False,False,False,-1.0,0.0,86.65440296090067,False,suspicious_grade_jump,False
135355,668633.779,3544365.6,585539415_000006,1382700174_000001,585539415,1382700174,pedestrian,residential,贡院街,,,,False,False,False,False,-1.0,0.0,86.18141682603218,False,suspicious_grade_jump,False
135358,668541.057,3544289.057,585539415_000010,1382700174_000007,585539415,1382700174,pedestrian,residential,贡院街,,,,False,False,False,False,-1.0,0.0,62.46325863234487,False,suspicious_grade_jump,False
135358,668541.057,3544289.057,585539415_000011,1382700174_000007,585539415,1382700174,pedestrian,residential,贡院街,,,,False,False,False,False,-1.0,0.0,81.6194531247872,False,suspicious_grade_jump,False
135361,668385.126,3544179.911,585539415_000014,1523561700_000013,585539415,1523561700,pedestrian,footway,贡院街,,,,False,False,False,False,-1.0,0.0,86.88696534701924,False,suspicious_grade_jump,False
135361,668385.126,3544179.911,585539415_000014,1523561700_000014,585539415,1523561700,pedestrian,footway,贡院街,,,,False,False,False,False,-1.0,0.0,86.19908296587681,False,suspicious_grade_jump,False
135372,668182.3,3544418.741,585539546_000012,1523585823_000009,585539546,1523585823,living_street,footway,,,,,False,False,False,False,0.0,-1.0,84.01749886935477,False,suspicious_grade_jump,False
135372,668182.3,3544418.741,585539546_000013,1523585823_000009,585539546,1523585823,living_street,footway,,,,,False,False,False,False,0.0,-1.0,95.8267324231431,False,suspicious_grade_jump,False
135490,672684.443,3555301.987,585547784_000007,1313683470_000001,585547784,1313683470,service,service,,,,,False,False,False,False,0.0,1.0,89.73143405476056,False,suspicious_grade_jump,False
135490,672684.443,3555301.987,1313683470_000001,1313683475_000001,1313683470,1313683475,service,service,,,,,False,False,False,False,1.0,0.0,48.61460240504097,False,suspicious_grade_jump,False
135493,672685.464,3555246.31,585547784_000009,1313683471_000001,585547784,1313683471,service,service,,,,,False,False,False,False,0.0,1.0,89.84778663488792,False,suspicious_grade_jump,False
135493,672685.464,3555246.31,585547784_000010,1313683471_000001,585547784,1313683471,service,service,,,,,False,False,False,False,0.0,1.0,90.11853832008329,False,suspicious_grade_jump,False
135500,672031.893,3555167.72,585547786_000003,1333442251_000008,585547786,1333442251,steps,residential,,,,,True,False,False,False,1.0,0.0,98.89796615869446,False,suspicious_grade_jump,False
135500,672031.893,3555167.72,585547786_000003,1333442251_000009,585547786,1333442251,steps,residential,,,,,True,False,False,False,1.0,0.0,72.49172421193963,False,suspicious_grade_jump,False
135518,672811.502,3555358.844,585547789_000004,585547791_000001,585547789,585547791,service,service,,,,,False,False,False,False,0.0,1.0,90.18728584728885,False,suspicious_grade_jump,False
135518,672811.502,3555358.844,585547789_000005,585547791_000001,585547789,585547791,service,service,,,,,False,False,False,False,0.0,1.0,89.86854184670628,False,suspicious_grade_jump,False
135521,672754.695,3555357.734,585547789_000007,585547790_000001,585547789,585547790,service,service,,,,,False,False,False,False,0.0,1.0,89.73595211862568,False,suspicious_grade_jump,False
135521,672754.695,3555357.734,585547789_000008,585547790_000001,585547789,585547790,service,service,,,,,False,False,False,False,0.0,1.0,90.27052969360201,False,suspicious_grade_jump,False
135527,672652.861,3555301.562,585547789_000013,1313683470_000001,585547789,1313683470,service,service,,,,,False,False,False,False,0.0,1.0,89.79630093389589,False,suspicious_grade_jump,False
135527,672652.861,3555301.562,585547789_000014,1313683470_000001,585547789,1313683470,service,service,,,,,False,False,False,False,0.0,1.0,90.20236015444885,False,suspicious_grade_jump,False
135529,672653.811,3555245.65,585547789_000015,1313683471_000001,585547789,1313683471,service,service,,,,,False,False,False,False,0.0,1.0,90.22049854323092,False,suspicious_grade_jump,False
135529,672653.811,3555245.65,585547789_000016,1313683471_000001,585547789,1313683471,service,service,,,,,False,False,False,False,0.0,1.0,89.77923565711536,False,suspicious_grade_jump,False
135538,672755.16,3555326.501,585547790_000001,1313683475_000003,585547790,1313683475,service,service,,,,,False,False,False,False,1.0,0.0,89.56416028424945,False,suspicious_grade_jump,False
135538,672755.16,3555326.501,585547790_000001,1313683475_000004,585547790,1313683475,service,service,,,,,False,False,False,False,1.0,0.0,90.2760902357149,False,suspicious_grade_jump,False
135539,672812.193,3555327.626,585547791_000001,1313683475_000005,585547791,1313683475,service,service,,,,,False,False,False,False,1.0,0.0,90.13699459868066,False,suspicious_grade_jump,False
135539,672812.193,3555327.626,585547791_000001,1313683475_000006,585547791,1313683475,service,service,,,,,False,False,False,False,1.0,0.0,89.86675676589356,False,suspicious_grade_jump,False
135576,660876.03,3545417.749,585549142_000002,836752154_000001,585549142,836752154,steps,footway,,,,,False,True,False,False,0.0,1.0,86.22926804763541,False,suspicious_grade_jump,False
135581,660895.054,3545463.349,585549143_000004,836757069_000001,585549143,836757069,footway,footway,,,,,False,True,False,False,0.0,1.0,91.1132038847444,False,suspicious_grade_jump,False
135831,662035.868,3563563.832,585661121_000001,1421123696_000001,585661121,1421123696,steps,steps,,,,,False,True,False,False,0.0,0.0,97.6931410053312,False,suspicious_grade_jump,False
135831,662035.868,3563563.832,1421123695_000001,1421123696_000001,1421123695,1421123696,steps,steps,,,,,False,True,False,False,0.0,0.0,95.0222870580556,False,suspicious_grade_jump,False
135835,661093.518,3559571.777,585661124_000003,1117010975_000006,585661124,1117010975,steps,footway,,,,,True,False,False,False,0.0,0.0,90.64841195295067,False,suspicious_grade_jump,False
135835,661093.518,3559571.777,585661124_000003,1117010975_000007,585661124,1117010975,steps,footway,,,,,True,False,False,False,0.0,0.0,89.54900205323568,False,suspicious_grade_jump,False
135850,664698.659,3569149.241,585661130_000001,857962981_000001,585661130,857962981,footway,steps,,,,,True,False,False,False,1.0,0.0,89.72434248667932,False,suspicious_grade_jump,False
135852,664771.256,3569101.828,585661130_000002,857962982_000001,585661130,857962982,footway,steps,,,,,True,False,False,False,1.0,0.0,90.26363753006677,False,suspicious_grade_jump,False
135854,662561.813,3565785.529,585661132_000001,1421294387_000001,585661132,1421294387,steps,footway,,,,,False,True,False,False,0.0,1.0,87.07537969497393,False,suspicious_grade_jump,False
135857,663446.021,3567385.197,585661133_000002,1421682754_000001,585661133,1421682754,footway,steps,,,,,True,False,False,False,1.0,0.0,88.72484234409421,False,suspicious_grade_jump,False
135858,661391.832,3560491.501,585661134_000001,1082132978_000001,585661134,1082132978,footway,steps,,,,,True,False,False,False,0.0,0.0,93.18629865272366,False,suspicious_grade_jump,False
135858,661391.832,3560491.501,585661134_000001,1082132979_000001,585661134,1082132979,footway,steps,,,,,True,False,False,False,0.0,0.0,91.35379833789374,False,suspicious_grade_jump,False
135860,661318.722,3560508.148,585661134_000002,1082132981_000001,585661134,1082132981,footway,steps,,,,,True,False,False,False,0.0,0.0,91.32073158339122,False,suspicious_grade_jump,False
135860,661318.722,3560508.148,585661134_000002,1082132981_000002,585661134,1082132981,footway,steps,,,,,True,False,False,False,0.0,0.0,83.51216326336375,False,suspicious_grade_jump,False
136785,660701.082,3564218.515,971606035_000002,1498513295_000001,971606035,1498513295,service,footway,,,,,True,False,False,False,1.0,0.0,92.16441869066445,False,suspicious_grade_jump,False
137209,669394.697,3541308.198,587966198_000003,776242194_000001,587966198,776242194,service,service,,,,,True,False,False,False,1.0,0.0,79.0898864013564,False,suspicious_grade_jump,False
138600,668390.479,3543488.636,606894142_000001,1126672843_000003,606894142,1126672843,residential,unclassified,剪子巷,箍桶巷,,,False,False,False,False,-1.0,0.0,93.52807399901995,False,suspicious_grade_jump,False
138605,668578.563,3543446.839,606894142_000005,606894153_000002,606894142,606894153,residential,residential,剪子巷,双塘园,,,False,False,False,False,-1.0,0.0,94.62902513779052,False,suspicious_grade_jump,False
138605,668578.563,3543446.839,606894142_000005,606894153_000003,606894142,606894153,residential,residential,剪子巷,双塘园,,,False,False,False,False,-1.0,0.0,93.24207558211921,False,suspicious_grade_jump,False
138605,668578.563,3543446.839,606894142_000006,606894153_000002,606894142,606894153,residential,residential,剪子巷,双塘园,,,False,False,False,False,-1.0,0.0,85.97575894682313,False,suspicious_grade_jump,False
138605,668578.563,3543446.839,606894142_000006,606894153_000003,606894142,606894153,residential,residential,剪子巷,双塘园,,,False,False,False,False,-1.0,0.0,86.15314033326716,False,suspicious_grade_jump,False
138614,668937.604,3543365.147,606894142_000016,1436529502_000011,606894142,1436529502,residential,footway,剪子巷,,,,False,False,False,False,-1.0,0.0,88.24586666887188,False,suspicious_grade_jump,False
138614,668937.604,3543365.147,606894142_000016,1436529502_000012,606894142,1436529502,residential,footway,剪子巷,,,,False,False,False,False,-1.0,0.0,91.75336549040755,False,suspicious_grade_jump,False
138614,668937.604,3543365.147,606894142_000017,1436529502_000011,606894142,1436529502,residential,footway,剪子巷,,,,False,False,False,False,-1.0,0.0,91.72971072001151,False,suspicious_grade_jump,False
138614,668937.604,3543365.147,606894142_000017,1436529502_000012,606894142,1436529502,residential,footway,剪子巷,,,,False,False,False,False,-1.0,0.0,88.2710571207091,False,suspicious_grade_jump,False
140710,683288.564,3554274.8,618189689_000001,618190652_000004,618189689,618190652,steps,cycleway,,,,,False,False,True,False,0.0,0.0,97.59891170289649,False,suspicious_grade_jump,False
140710,683288.564,3554274.8,618189689_000001,618190652_000005,618189689,618190652,steps,cycleway,,,,,False,False,True,False,0.0,0.0,91.89769294214368,False,suspicious_grade_jump,False
140909,662879.297,3549380.914,618607743_000001,855459405_000006,618607743,855459405,secondary,footway,,,,,False,False,False,True,0.0,-2.0,98.18343614273624,False,suspicious_grade_jump,False
141077,669161.191,3546988.396,625069541_000001,840135777_000001,625069541,840135777,footway,footway,,,,,False,True,False,False,0.0,1.0,88.47206261877933,False,suspicious_grade_jump,False
141152,672128.95,3529573.751,630100637_000001,630100640_000008,630100637,630100640,unclassified,unclassified,两江东路,南工路,,,False,False,False,False,0.0,-1.0,89.83809375220045,False,suspicious_grade_jump,False
141152,672128.95,3529573.751,630100637_000001,1315839500_000001,630100637,1315839500,unclassified,path,两江东路,,,,False,False,False,False,0.0,-1.0,89.16551673066174,False,suspicious_grade_jump,False
141152,672128.95,3529573.751,630100640_000008,1315839499_000015,630100640,1315839499,unclassified,unclassified,南工路,两江东路,,,False,False,False,False,-1.0,0.0,89.72392604502373,False,suspicious_grade_jump,False
141152,672128.95,3529573.751,1315839499_000015,1315839500_000001,1315839499,1315839500,unclassified,path,两江东路,,,,False,False,False,False,0.0,-1.0,91.2724634721141,False,suspicious_grade_jump,False
141166,672013.47,3530053.093,630100637_000016,1056927528_000001,630100637,1056927528,unclassified,footway,两江东路,,,,False,False,False,False,0.0,-1.0,88.0920706233503,False,suspicious_grade_jump,False
141166,672013.47,3530053.093,630100637_000017,1056927528_000001,630100637,1056927528,unclassified,footway,两江东路,,,,False,False,False,False,0.0,-1.0,91.97677812649968,False,suspicious_grade_jump,False
141180,671830.388,3529548.239,630100640_000001,630686710_000017,630100640,630686710,unclassified,unclassified,南工路,三江东路,,,False,False,False,False,-1.0,0.0,90.31985623847747,False,suspicious_grade_jump,False
141180,671830.388,3529548.239,630100640_000001,630686710_000018,630100640,630686710,unclassified,unclassified,南工路,三江东路,,,False,False,False,False,-1.0,0.0,90.44524954295936,False,suspicious_grade_jump,False
141181,671842.349,3529549.26,630100640_000001,630100650_000017,630100640,630100650,unclassified,cycleway,南工路,,,,False,False,False,False,-1.0,0.0,134.33800860216252,False,suspicious_grade_jump,False
141181,671842.349,3529549.26,630100640_000001,630686705_000016,630100640,630686705,unclassified,unclassified,南工路,三江东路,,,False,False,False,False,-1.0,0.0,94.01832955790196,False,suspicious_grade_jump,False
141181,671842.349,3529549.26,630100640_000001,630686705_000017,630100640,630686705,unclassified,unclassified,南工路,三江东路,,,False,False,False,False,-1.0,0.0,89.33669449241998,False,suspicious_grade_jump,False
141181,671842.349,3529549.26,630100640_000001,630957172_000001,630100640,630957172,unclassified,cycleway,南工路,,,,False,False,False,False,-1.0,0.0,134.0132207298726,False,suspicious_grade_jump,False
141181,671842.349,3529549.26,630100640_000002,630100650_000017,630100640,630100650,unclassified,cycleway,南工路,,,,False,False,False,False,-1.0,0.0,45.65861329444437,False,suspicious_grade_jump,False
141181,671842.349,3529549.26,630100640_000002,630686705_000016,630100640,630686705,unclassified,unclassified,南工路,三江东路,,,False,False,False,False,-1.0,0.0,85.97829233870492,False,suspicious_grade_jump,False
141181,671842.349,3529549.26,630100640_000002,630686705_000017,630100640,630686705,unclassified,unclassified,南工路,三江东路,,,False,False,False,False,-1.0,0.0,90.66668361097317,False,suspicious_grade_jump,False
141181,671842.349,3529549.26,630100640_000002,630957172_000001,630100640,630957172,unclassified,cycleway,南工路,,,,False,False,False,False,-1.0,0.0,45.990157373520546,False,suspicious_grade_jump,False
141184,671971.733,3529560.312,630100640_000004,632703303_000009,630100640,632703303,unclassified,cycleway,南工路,,,,False,False,False,False,-1.0,0.0,89.93075798794878,False,suspicious_grade_jump,False
141184,671971.733,3529560.312,630100640_000004,1223674537_000001,630100640,1223674537,unclassified,footway,南工路,,,,False,False,False,False,-1.0,0.0,76.8518184787511,False,suspicious_grade_jump,False
141184,671971.733,3529560.312,630100640_000005,632703303_000009,630100640,632703303,unclassified,cycleway,南工路,,,,False,False,False,False,-1.0,0.0,90.07318028624704,False,suspicious_grade_jump,False
141184,671971.733,3529560.312,630100640_000005,1223674537_000001,630100640,1223674537,unclassified,footway,南工路,,,,False,False,False,False,-1.0,0.0,103.14424324705311,False,suspicious_grade_jump,False
141187,672119.227,3529572.922,630100640_000007,630686683_000021,630100640,630686683,unclassified,unclassified,南工路,两江东路,,,False,False,False,False,-1.0,0.0,89.44015341670682,False,suspicious_grade_jump,False
141187,672119.227,3529572.922,630100640_000007,630686683_000022,630100640,630686683,unclassified,unclassified,南工路,两江东路,,,False,False,False,False,-1.0,0.0,90.30873933049124,False,suspicious_grade_jump,False
141187,672119.227,3529572.922,630100640_000008,630686683_000021,630100640,630686683,unclassified,unclassified,南工路,两江东路,,,False,False,False,False,-1.0,0.0,90.54699751592175,False,suspicious_grade_jump,False
141187,672119.227,3529572.922,630100640_000008,630686683_000022,630100640,630686683,unclassified,unclassified,南工路,两江东路,,,False,False,False,False,-1.0,0.0,89.7041097368802,False,suspicious_grade_jump,False
141215,671489.303,3529509.249,630100650_000005,630100652_000001,630100650,630100652,cycleway,steps,,,,,False,True,False,False,0.0,1.0,90.94126325460938,False,suspicious_grade_jump,False
141215,671489.303,3529509.249,630100650_000006,630100652_000001,630100650,630100652,cycleway,steps,,,,,False,True,False,False,0.0,1.0,89.05178061240588,False,suspicious_grade_jump,False
141220,671454.898,3529506.555,630100650_000004,630100659_000001,630100650,630100659,cycleway,steps,,,,,False,True,False,False,0.0,1.0,89.4115758237531,False,suspicious_grade_jump,False
141220,671454.898,3529506.555,630100650_000005,630100659_000001,630100650,630100659,cycleway,steps,,,,,False,True,False,False,0.0,1.0,90.60027996767839,False,suspicious_grade_jump,False
141221,671524.7,3529512.025,630100650_000006,630100666_000001,630100650,630100666,cycleway,steps,,,,,False,True,False,False,0.0,1.0,91.05821370758062,False,suspicious_grade_jump,False
141221,671524.7,3529512.025,630100650_000007,630100666_000001,630100650,630100666,cycleway,steps,,,,,False,True,False,False,0.0,1.0,88.94171447999832,False,suspicious_grade_jump,False
141225,671626.148,3529519.989,630100650_000010,630100665_000001,630100650,630100665,cycleway,steps,,,,,False,True,False,False,0.0,1.0,90.0067066655171,False,suspicious_grade_jump,False
141225,671626.148,3529519.989,630100650_000011,630100665_000001,630100650,630100665,cycleway,steps,,,,,False,True,False,False,0.0,1.0,89.9981875226653,False,suspicious_grade_jump,False
141226,671661.441,3529522.753,630100650_000011,633558645_000001,630100650,633558645,cycleway,steps,,,,,False,True,False,False,0.0,1.0,90.71610384992105,False,suspicious_grade_jump,False
141226,671661.441,3529522.753,630100650_000012,633558645_000001,630100650,633558645,cycleway,steps,,,,,False,True,False,False,0.0,1.0,89.26901438914406,False,suspicious_grade_jump,False
141245,671490.03,3529497.484,630100652_000001,633558642_000006,630100652,633558642,steps,footway,,,,,True,False,False,False,1.0,0.0,89.17429694439056,False,suspicious_grade_jump,False
141245,671490.03,3529497.484,630100652_000001,633558642_000007,630100652,633558642,steps,footway,,,,,True,False,False,False,1.0,0.0,90.82492323690143,False,suspicious_grade_jump,False
141298,671455.935,3529494.884,630100659_000001,633558642_000004,630100659,633558642,steps,footway,,,,,True,False,False,False,1.0,0.0,90.72782506835648,False,suspicious_grade_jump,False
141298,671455.935,3529494.884,630100659_000001,633558642_000005,630100659,633558642,steps,footway,,,,,True,False,False,False,1.0,0.0,89.28093443551826,False,suspicious_grade_jump,False
141301,671627.002,3529509.08,630100665_000001,633558642_000018,630100665,633558642,steps,footway,,,,,True,False,False,False,1.0,0.0,90.0914614396385,False,suspicious_grade_jump,False
141301,671627.002,3529509.08,630100665_000001,633558642_000019,630100665,633558642,steps,footway,,,,,True,False,False,False,1.0,0.0,89.85308172988603,False,suspicious_grade_jump,False
141302,671525.409,3529500.182,630100666_000001,633558642_000007,630100666,633558642,steps,footway,,,,,True,False,False,False,1.0,0.0,89.0650824431121,False,suspicious_grade_jump,False
141302,671525.409,3529500.182,630100666_000001,633558642_000008,630100666,633558642,steps,footway,,,,,True,False,False,False,1.0,0.0,91.01654518144143,False,suspicious_grade_jump,False
141463,670762.317,3530084.643,630149997_000001,852008599_000047,630149997,852008599,unclassified,secondary,,苏源大道,,,True,False,False,False,1.0,0.0,88.04878732565206,False,suspicious_grade_jump,False
141463,670762.317,3530084.643,630149997_000001,852008599_000048,630149997,852008599,unclassified,secondary,,苏源大道,,,True,False,False,False,1.0,0.0,92.40075769238015,False,suspicious_grade_jump,False
142112,671662.165,3529511.742,633558642_000019,633558645_000001,633558642,633558645,footway,steps,,,,,False,True,False,False,0.0,1.0,89.43262689752763,False,suspicious_grade_jump,False
142112,671662.165,3529511.742,633558642_000020,633558645_000001,633558642,633558645,footway,steps,,,,,False,True,False,False,0.0,1.0,90.5643750002936,False,suspicious_grade_jump,False
142352,675063.47,3545368.358,656192337_000003,758671173_000001,656192337,758671173,footway,living_street,,理工大学1号路,,,False,True,False,False,0.0,1.0,88.88992969538789,False,suspicious_grade_jump,False
142477,660527.045,3541074.101,656704292_000001,656704303_000015,656704292,656704303,footway,footway,,,,,True,False,False,False,1.0,0.0,76.08164585034855,False,suspicious_grade_jump,False
143354,659249.633,3555314.244,656919430_000004,1062312657_000001,656919430,1062312657,unclassified,service,兴浦路,,,,False,False,False,True,0.0,-1.0,80.40465710546293,False,suspicious_grade_jump,False
143354,659249.633,3555314.244,1062312649_000001,1062312657_000001,1062312649,1062312657,service,service,兴浦路,,,,False,False,False,True,0.0,-1.0,96.08444404643167,False,suspicious_grade_jump,False
144296,663071.985,3542416.36,668594439_000002,1080850157_000001,668594439,1080850157,service,service,,,,,False,False,False,False,0.0,-1.0,89.27229830547388,False,suspicious_grade_jump,False
144296,663071.985,3542416.36,668594439_000003,1080850157_000001,668594439,1080850157,service,service,,,,,False,False,False,False,0.0,-1.0,90.73356249252309,False,suspicious_grade_jump,False
144299,663140.13,3542523.552,668594439_000005,1080850157_000009,668594439,1080850157,service,service,,,,,False,False,False,False,0.0,-1.0,90.26658108099856,False,suspicious_grade_jump,False
144299,663140.13,3542523.552,668594439_000006,1080850157_000009,668594439,1080850157,service,service,,,,,False,False,False,False,0.0,-1.0,89.7276256702421,False,suspicious_grade_jump,False
144415,662842.112,3549340.707,668612576_000009,1526413977_000001,668612576,1526413977,footway,footway,,,,,False,False,False,False,0.0,-2.0,93.40192818444639,False,suspicious_grade_jump,False
144415,662842.112,3549340.707,668612576_000010,1526413977_000001,668612576,1526413977,footway,footway,,,,,False,False,False,False,0.0,-2.0,86.6127928429017,False,suspicious_grade_jump,False
144450,662985.413,3550633.743,668612756_000004,854927667_000010,668612756,854927667,service,service,,,,,False,False,False,False,0.0,-1.0,86.2303109665325,False,suspicious_grade_jump,False
144450,662985.413,3550633.743,668612756_000005,854927667_000010,668612756,854927667,service,service,,,,,False,False,False,False,0.0,-1.0,93.7390230511969,False,suspicious_grade_jump,False
144473,663033.609,3550412.294,668612756_000027,854927667_000001,668612756,854927667,service,service,,,,,False,False,False,False,0.0,-1.0,110.1774173247049,False,suspicious_grade_jump,False
144473,663033.609,3550412.294,668612756_000027,854927667_000002,668612756,854927667,service,service,,,,,False,False,False,False,0.0,-1.0,67.78653060331308,False,suspicious_grade_jump,False
144473,663033.609,3550412.294,854927667_000001,854927669_000012,854927667,854927669,service,footway,,,,,False,False,False,False,-1.0,0.0,85.32144373151473,False,suspicious_grade_jump,False
144473,663033.609,3550412.294,854927667_000002,854927669_000012,854927667,854927669,service,footway,,,,,False,False,False,False,-1.0,0.0,96.71460834046731,False,suspicious_grade_jump,False
144920,682265.599,3552956.039,673044227_000001,875398353_000001,673044227,875398353,residential,residential,,,,,False,True,False,False,0.0,1.0,90.05879284328957,False,suspicious_grade_jump,False
144920,682265.599,3552956.039,875398353_000001,1410116761_000001,875398353,1410116761,residential,service,,,,,True,False,False,False,1.0,0.0,90.13085008741744,False,suspicious_grade_jump,False
144921,682286.229,3552968.542,673044227_000001,875398354_000001,673044227,875398354,residential,residential,,,,,False,True,False,False,0.0,1.0,89.90843711098013,False,suspicious_grade_jump,False
144921,682286.229,3552968.542,673044227_000002,875398354_000001,673044227,875398354,residential,residential,,,,,False,True,False,False,0.0,1.0,89.1522149220443,False,suspicious_grade_jump,False
145032,665231.94,3551692.491,674021443_000014,674021444_000001,674021443,674021444,residential,residential,,,,,False,True,False,False,0.0,1.0,82.10205509128522,False,suspicious_grade_jump,False
145032,665231.94,3551692.491,674021443_000015,674021444_000001,674021443,674021444,residential,residential,,,,,False,True,False,False,0.0,1.0,82.99363582720737,False,suspicious_grade_jump,False
145361,662032.383,3564493.917,971606041_000001,1057158539_000010,971606041,1057158539,service,footway,,,,,True,False,False,False,1.0,0.0,69.90990580658908,False,suspicious_grade_jump,False
145361,662032.383,3564493.917,971606041_000001,1057158539_000011,971606041,1057158539,service,footway,,,,,True,False,False,False,1.0,0.0,109.80604773589853,False,suspicious_grade_jump,False
145464,661940.587,3564690.776,971606037_000002,1316175149_000009,971606037,1316175149,service,footway,,,,,True,False,False,False,1.0,0.0,99.64638489219884,False,suspicious_grade_jump,False
145464,661940.587,3564690.776,971606037_000002,1316175150_000001,971606037,1316175150,service,service,,,,,True,False,False,False,1.0,0.0,85.5577752649037,False,suspicious_grade_jump,False
146040,654135.542,3546973.877,684106964_000001,1072555514_000001,684106964,1072555514,unclassified,unclassified,园创路,江北沿江线,,,True,False,False,False,1.0,0.0,82.84394184324285,False,suspicious_grade_jump,False
146535,664118.203,3552341.745,687713437_000009,1431072522_000001,687713437,1431072522,footway,footway,,,,,False,True,False,False,0.0,1.0,48.54819131395259,False,suspicious_grade_jump,False
146717,672482.906,3551892.885,695586624_000001,788868877_000001,695586624,788868877,footway,steps,,,,,False,True,False,False,0.0,0.0,92.91604758264995,False,suspicious_grade_jump,False
146717,672482.906,3551892.885,763482846_000007,788868877_000001,763482846,788868877,footway,steps,,,,,False,True,False,False,0.0,0.0,104.26500613675657,False,suspicious_grade_jump,False
147554,675367.005,3557906.355,708050608_000001,1315568502_000001,708050608,1315568502,service,service,,,,,True,False,False,False,1.0,0.0,91.11240305669064,False,suspicious_grade_jump,False
148960,667160.192,3550647.675,747497617_000001,747497618_000001,747497617,747497618,footway,steps,青石村过街通道,,,,False,False,True,False,-1.0,0.0,82.35637203768216,False,suspicious_grade_jump,False
148960,667160.192,3550647.675,747497617_000001,747497619_000001,747497617,747497619,footway,steps,青石村过街通道,,,,False,False,True,False,-1.0,0.0,98.1312981443539,False,suspicious_grade_jump,False
148962,667168.38,3550596.398,747497617_000002,747497620_000001,747497617,747497620,footway,steps,青石村过街通道,,,,False,False,True,False,-1.0,0.0,96.452588781911,False,suspicious_grade_jump,False
148962,667168.38,3550596.398,747497617_000002,1490584205_000001,747497617,1490584205,footway,steps,青石村过街通道,,,,False,False,True,False,-1.0,0.0,82.85816991080289,False,suspicious_grade_jump,False
154539,672297.187,3543495.243,775235774_000044,776189113_000001,775235774,776189113,footway,footway,,,,,False,True,False,False,0.0,1.0,54.562824475645044,False,suspicious_grade_jump,False
155248,672280.345,3543337.704,776189113_000005,776189115_000017,776189113,776189115,footway,service,,,,,True,False,False,False,1.0,0.0,73.06781274172535,False,suspicious_grade_jump,False
155248,672280.345,3543337.704,776189113_000005,776189115_000018,776189113,776189115,footway,service,,,,,True,False,False,False,1.0,0.0,106.88277915340436,False,suspicious_grade_jump,False
155256,672309.367,3543309.449,776189114_000007,776189115_000016,776189114,776189115,footway,service,,,,,True,False,False,False,1.0,0.0,69.16653957302033,False,suspicious_grade_jump,False
155256,672309.367,3543309.449,776189114_000007,776189115_000017,776189114,776189115,footway,service,,,,,True,False,False,False,1.0,0.0,110.9237666901734,False,suspicious_grade_jump,False
155636,662130.027,3541089.144,776677991_000005,1046385211_000001,776677991,1046385211,unclassified,unclassified,白龙江东街,,,,False,False,False,False,0.0,-1.0,87.84982085315417,False,suspicious_grade_jump,False
155636,662130.027,3541089.144,776677991_000006,1046385211_000001,776677991,1046385211,unclassified,unclassified,白龙江东街,,,,False,False,False,False,0.0,-1.0,92.1576768809405,False,suspicious_grade_jump,False
155897,669046.372,3549829.369,776728669_000001,1443671108_000010,776728669,1443671108,service,footway,,,,,True,False,False,False,1.0,0.0,97.62454648683745,False,suspicious_grade_jump,False
155911,668942.636,3550097.262,776728673_000001,776728674_000001,776728673,776728674,footway,footway,,白桥,,,False,True,False,False,0.0,1.0,75.03315373279771,False,suspicious_grade_jump,False
155924,668762.256,3550165.012,776728675_000001,776728676_000001,776728675,776728676,footway,footway,,樱桥,,,False,True,False,False,0.0,1.0,64.9760625715916,False,suspicious_grade_jump,False
155950,668713.908,3550193.111,776728676_000002,776728678_000012,776728676,776728678,footway,footway,樱桥,,,,True,False,False,False,1.0,0.0,86.08210235847666,False,suspicious_grade_jump,False
155950,668713.908,3550193.111,776728676_000002,803760113_000012,776728676,803760113,footway,footway,樱桥,,,,True,False,False,False,1.0,0.0,90.9647914538174,False,suspicious_grade_jump,False
155971,668494.014,3549932.33,776728677_000021,776728680_000004,776728677,776728680,service,service,,,,,False,True,False,False,0.0,1.0,45.59790758715883,False,suspicious_grade_jump,False
155971,668494.014,3549932.33,776728679_000001,776728680_000004,776728679,776728680,service,service,,,,,False,True,False,False,0.0,1.0,51.072622186139895,False,suspicious_grade_jump,False
156015,668781.961,3550388.953,776728681_000002,1443667892_000001,776728681,1443667892,service,footway,芳桥,,,,True,False,False,False,1.0,0.0,97.46998956111882,False,suspicious_grade_jump,False
156015,668781.961,3550388.953,776728681_000003,1443667892_000001,776728681,1443667892,service,footway,芳桥,,,,True,False,False,False,1.0,0.0,82.47375203482405,False,suspicious_grade_jump,False
156384,668115.556,3543458.109,777418544_000004,777418547_000001,777418544,777418547,footway,footway,,,,,False,False,False,False,0.0,-1.0,77.33750834790835,False,suspicious_grade_jump,False
156384,668115.556,3543458.109,777418544_000005,777418547_000001,777418544,777418547,footway,footway,,,,,False,False,False,False,0.0,-1.0,62.3417205170641,False,suspicious_grade_jump,False
156391,668105.661,3543410.637,777418547_000002,777418548_000001,777418547,777418548,footway,footway,,,,,False,False,False,False,-1.0,0.0,83.41789918938557,False,suspicious_grade_jump,False
156404,668374.805,3543399.194,777418551_000004,1052394368_000003,777418551,1052394368,footway,footway,,,,,False,False,False,False,0.0,-1.0,90.350753139429,False,suspicious_grade_jump,False
156404,668374.805,3543399.194,777418551_000005,1052394368_000003,777418551,1052394368,footway,footway,,,,,False,False,False,False,0.0,-1.0,89.77811460292895,False,suspicious_grade_jump,False
156526,663779.45,3552999.25,777614173_000001,1497571755_000001,777614173,1497571755,residential,residential,江边路,惠民河东路,,,True,False,False,False,1.0,0.0,85.71577249272308,False,suspicious_grade_jump,False
156847,664397.579,3544566.002,779278362_000005,1318010754_000004,779278362,1318010754,cycleway,footway,,,,,False,False,False,False,1.0,0.0,103.28795195573966,False,suspicious_grade_jump,False
156851,664496.612,3544530.449,779278362_000008,1318010754_000001,779278362,1318010754,cycleway,footway,,,,,False,False,False,False,1.0,0.0,109.3618540283379,False,suspicious_grade_jump,False
156851,664496.612,3544530.449,779278362_000009,1318010754_000001,779278362,1318010754,cycleway,footway,,,,,False,False,False,False,1.0,0.0,73.47794869277728,False,suspicious_grade_jump,False
156881,664329.766,3543653.947,779278364_000005,779278369_000001,779278364,779278369,tertiary,residential,怡康街,,,,False,True,False,False,0.0,1.0,92.88558142353064,False,suspicious_grade_jump,False
156881,664329.766,3543653.947,779278364_000006,779278369_000001,779278364,779278369,tertiary,residential,怡康街,,,,False,True,False,False,0.0,1.0,86.48718280220858,False,suspicious_grade_jump,False
156968,664023.02,3544747.028,779278373_000001,1306110257_000001,779278373,1306110257,tertiary,service,云锦路,,,,False,False,False,False,0.0,1.0,77.6343314930591,False,suspicious_grade_jump,False
158340,688942.868,3557051.62,783543192_000012,1408472431_000001,783543192,1408472431,service,service,,,,,False,True,False,False,0.0,1.0,118.89546741895441,False,suspicious_grade_jump,False
158340,688942.868,3557051.62,783543192_000013,1408472431_000001,783543192,1408472431,service,service,,,,,False,True,False,False,0.0,1.0,61.104873728262774,False,suspicious_grade_jump,False
159631,673235.314,3547686.071,803406601_000001,1093710271_000005,803406601,1093710271,footway,footway,,孙权路,,,True,False,False,False,1.0,0.0,88.29688106758519,False,suspicious_grade_jump,False
159631,673235.314,3547686.071,803406601_000001,1093710271_000006,803406601,1093710271,footway,footway,,孙权路,,,True,False,False,False,1.0,0.0,91.6913134354507,False,suspicious_grade_jump,False
159645,673296.144,3547732.475,803406617_000006,803406618_000001,803406617,803406618,footway,footway,,,,,False,True,False,False,0.0,1.0,96.77600417916561,False,suspicious_grade_jump,False
159914,668780.448,3549904.925,803760111_000011,1226671818_000001,803760111,1226671818,footway,footway,,莲桥,,,False,True,False,False,0.0,1.0,94.23576628320231,False,suspicious_grade_jump,False
159914,668780.448,3549904.925,803760111_000012,1226671818_000001,803760111,1226671818,footway,footway,,莲桥,,,False,True,False,False,0.0,1.0,88.66089057204411,False,suspicious_grade_jump,False
160598,667142.104,3542868.188,810034055_000001,1065099903_000011,810034055,1065099903,footway,primary,,应天大街,,,True,False,False,False,0.0,0.0,115.45335198479106,False,suspicious_grade_jump,False
160598,667142.104,3542868.188,810034055_000001,1065099903_000012,810034055,1065099903,footway,primary,,应天大街,,,True,False,False,False,0.0,0.0,64.62666757135648,False,suspicious_grade_jump,False
160602,662045.708,3538086.16,810175264_000001,897178059_000002,810175264,897178059,footway,footway,油坊桥换乘通道,,,,False,False,True,True,0.0,-1.0,88.55289810731172,False,suspicious_grade_jump,False
160602,662045.708,3538086.16,810175264_000002,897178059_000002,810175264,897178059,footway,footway,油坊桥换乘通道,,,,False,False,True,True,0.0,-1.0,91.3866490030151,False,suspicious_grade_jump,False
160603,662051.343,3538079.562,810175264_000002,897178058_000001,810175264,897178058,footway,footway,油坊桥换乘通道,,,,False,False,True,True,0.0,-1.0,91.8380271123521,False,suspicious_grade_jump,False
160603,662051.343,3538079.562,810175264_000003,897178058_000001,810175264,897178058,footway,footway,油坊桥换乘通道,,,,False,False,True,True,0.0,-1.0,88.16485902571179,False,suspicious_grade_jump,False
160615,667981.839,3546276.25,813074995_000001,813074996_000001,813074995,813074996,footway,footway,,,,,False,False,True,False,-1.0,0.0,104.95048547687267,False,suspicious_grade_jump,False
160620,667943.305,3546236.912,813074999_000002,813075000_000001,813074999,813075000,footway,footway,,,,,False,False,True,False,-1.0,0.0,88.81268367601844,False,suspicious_grade_jump,False
161974,661467.053,3541584.84,833458071_000002,1080469134_000001,833458071,1080469134,tertiary,footway,白龙江西街,,,,False,False,False,False,0.0,-1.0,88.15313315945089,False,suspicious_grade_jump,False
161974,661467.053,3541584.84,833458071_000003,1080469134_000001,833458071,1080469134,tertiary,footway,白龙江西街,,,,False,False,False,False,0.0,-1.0,91.85133803366946,False,suspicious_grade_jump,False
162231,672998.535,3546868.806,835702613_000002,859643824_000001,835702613,859643824,footway,footway,景区路09,,,,True,False,False,False,1.0,0.0,102.96191306928701,False,suspicious_grade_jump,False
164668,672653.864,3540107.284,836212092_000005,1268939553_000001,836212092,1268939553,residential,service,佳景路,,,,False,False,False,False,0.0,-1.0,82.08614415265747,False,suspicious_grade_jump,False
164668,672653.864,3540107.284,836212092_000006,1268939553_000001,836212092,1268939553,residential,service,佳景路,,,,False,False,False,False,0.0,-1.0,97.91556394182632,False,suspicious_grade_jump,False
164986,657400.258,3540319.0,838887749_000001,838887750_000001,838887749,838887750,path,path,,,,,False,True,False,False,0.0,1.0,45.41692975878255,False,suspicious_grade_jump,False
165021,679617.403,3533064.782,838950388_000004,1441889351_000007,838950388,1441889351,residential,footway,,,,,False,False,False,False,0.0,-1.0,101.52994134749419,False,suspicious_grade_jump,False
165235,658456.969,3559274.996,842561516_000001,842561517_000001,842561516,842561517,footway,footway,,,,,False,True,False,False,0.0,1.0,90.94318877563947,False,suspicious_grade_jump,False
165238,658427.586,3559245.261,842561517_000001,842561518_000002,842561517,842561518,footway,footway,,,,,True,False,False,False,1.0,0.0,87.66024800201113,False,suspicious_grade_jump,False
167048,652808.694,3551340.894,842768374_000005,1234601460_000001,842768374,1234601460,service,footway,,,,,False,True,False,False,0.0,1.0,70.85151573788649,False,suspicious_grade_jump,False
167048,652808.694,3551340.894,842768374_000006,1234601460_000001,842768374,1234601460,service,footway,,,,,False,True,False,False,0.0,1.0,104.19166650840495,False,suspicious_grade_jump,False
169769,680287.889,3557559.397,851048653_000001,876594649_000010,851048653,876594649,living_street,track,,,,,True,False,False,False,1.0,0.0,91.64948866356772,False,suspicious_grade_jump,False
170058,684068.422,3552866.962,852008628_000002,1411880019_000001,852008628,1411880019,residential,service,,,,,True,False,False,False,1.0,0.0,92.21832138162505,False,suspicious_grade_jump,False
170447,685249.549,3549616.041,852008665_000061,917051749_000001,852008665,917051749,unclassified,unclassified,,,,,False,True,False,False,0.0,1.0,91.7827233114712,False,suspicious_grade_jump,False
170447,685249.549,3549616.041,852008665_000062,917051749_000001,852008665,917051749,unclassified,unclassified,,,,,False,True,False,False,0.0,1.0,88.2181542718322,False,suspicious_grade_jump,False
170860,667618.556,3547389.927,854857376_000014,854857377_000001,854857376,854857377,footway,service,,,,,False,False,False,False,0.0,-1.0,55.19962154668102,False,suspicious_grade_jump,False
170860,667618.556,3547389.927,854857376_000015,854857377_000001,854857376,854857377,footway,service,,,,,False,False,False,False,0.0,-1.0,120.28733751077259,False,suspicious_grade_jump,False
171163,663050.705,3550463.801,854927667_000003,854927668_000006,854927667,854927668,service,footway,,,,,False,False,False,False,-1.0,0.0,75.7703236451479,False,suspicious_grade_jump,False
171163,663050.705,3550463.801,854927667_000004,854927668_000006,854927667,854927668,service,footway,,,,,False,False,False,False,-1.0,0.0,104.24196028489898,False,suspicious_grade_jump,False
171166,663023.51,3550525.843,854927667_000007,854927670_000004,854927667,854927670,service,service,,,,,False,False,False,False,-1.0,0.0,132.6522794840071,False,suspicious_grade_jump,False
171167,662991.968,3550553.982,854927667_000007,854927668_000001,854927667,854927668,service,footway,,,,,False,False,False,False,-1.0,0.0,131.74137856186675,False,suspicious_grade_jump,False
171169,662979.862,3550597.137,854927667_000009,854927669_000001,854927667,854927669,service,footway,,,,,False,False,False,False,-1.0,0.0,82.69904574718828,False,suspicious_grade_jump,False
171169,662979.862,3550597.137,854927667_000009,854927671_000001,854927667,854927671,service,footway,,,,,False,False,False,False,-1.0,0.0,88.9822255410445,False,suspicious_grade_jump,False
171169,662979.862,3550597.137,854927667_000010,854927669_000001,854927667,854927669,service,footway,,,,,False,False,False,False,-1.0,0.0,97.35504017826753,False,suspicious_grade_jump,False
171169,662979.862,3550597.137,854927667_000010,854927671_000001,854927667,854927671,service,footway,,,,,False,False,False,False,-1.0,0.0,90.9636885334997,False,suspicious_grade_jump,False
171228,664239.051,3549407.866,854927684_000004,854927689_000001,854927684,854927689,footway,footway,,,,,True,False,False,False,1.0,0.0,86.9903840182493,False,suspicious_grade_jump,False
171235,664057.492,3549242.113,854927687_000001,854927688_000001,854927687,854927688,footway,footway,,,,,True,False,False,True,1.0,-1.0,87.33613042592363,False,suspicious_grade_jump,False
171235,664057.492,3549242.113,854927687_000002,854927688_000001,854927687,854927688,footway,footway,,,,,True,False,False,True,1.0,-1.0,92.66462151816991,False,suspicious_grade_jump,False
171259,664305.488,3549329.582,854927690_000003,854927692_000002,854927690,854927692,footway,footway,,,,,False,True,False,False,0.0,1.0,85.62735012029633,False,suspicious_grade_jump,False
171259,664305.488,3549329.582,854927690_000004,854927692_000002,854927690,854927692,footway,footway,,,,,False,True,False,False,0.0,1.0,94.39441103891743,False,suspicious_grade_jump,False
171348,664840.512,3547696.913,854927693_000048,854927697_000001,854927693,854927697,footway,footway,,,,,False,True,False,False,0.0,1.0,74.3371088346774,False,suspicious_grade_jump,False
171348,664840.512,3547696.913,854927697_000001,1475014130_000001,854927697,1475014130,footway,footway,,,,,True,False,False,False,1.0,0.0,99.91129788112508,False,suspicious_grade_jump,False
171349,664764.551,3547619.2,854927694_000001,854927697_000003,854927694,854927697,footway,footway,,,,,False,True,False,False,0.0,1.0,72.04492787574694,False,suspicious_grade_jump,False
171349,664764.551,3547619.2,854927697_000003,854927700_000001,854927697,854927700,footway,footway,,,,,True,False,False,False,1.0,0.0,117.91128672879107,False,suspicious_grade_jump,False
171369,664849.576,3547689.541,854927698_000001,1475014130_000001,854927698,1475014130,footway,footway,,,,,True,False,False,False,1.0,0.0,101.17360810491358,False,suspicious_grade_jump,False
171369,664849.576,3547689.541,854927698_000001,1475014130_000002,854927698,1475014130,footway,footway,,,,,True,False,False,False,1.0,0.0,78.82805670052481,False,suspicious_grade_jump,False
171370,664781.104,3547608.888,854927699_000001,854927700_000001,854927699,854927700,footway,footway,,,,,True,False,False,False,1.0,0.0,92.72712755751235,False,suspicious_grade_jump,False
171370,664781.104,3547608.888,854927699_000001,854927704_000001,854927699,854927704,footway,footway,,,,,True,False,False,False,1.0,0.0,76.45894747168344,False,suspicious_grade_jump,False
171652,665368.998,3550688.747,855459412_000003,855459414_000002,855459412,855459414,footway,service,,,,,True,False,False,False,1.0,-1.0,86.83238179634836,False,suspicious_grade_jump,False
171652,665368.998,3550688.747,855459412_000003,855459414_000003,855459412,855459414,footway,service,,,,,True,False,False,False,1.0,-1.0,91.58346298279531,False,suspicious_grade_jump,False
171656,665390.94,3550620.791,855459414_000004,855459416_000003,855459414,855459416,service,service,,,,,False,False,False,False,-1.0,0.0,90.91818546943458,False,suspicious_grade_jump,False
171656,665390.94,3550620.791,855459414_000004,1277839758_000001,855459414,1277839758,service,service,,,,,False,False,False,False,-1.0,0.0,88.97694510145254,False,suspicious_grade_jump,False
171999,663982.251,3545760.688,858091416_000001,858091417_000001,858091416,858091417,footway,steps,,,,,False,False,True,False,-1.0,0.0,89.96478923048303,False,suspicious_grade_jump,False
171999,663982.251,3545760.688,858091416_000001,858091418_000001,858091416,858091418,footway,steps,,,,,False,False,True,False,-1.0,0.0,90.05401517383905,False,suspicious_grade_jump,False
172001,663973.708,3545833.175,858091416_000002,858091419_000001,858091416,858091419,footway,steps,,,,,False,False,True,False,-1.0,0.0,89.93758443623052,False,suspicious_grade_jump,False
172001,663973.708,3545833.175,858091416_000002,858091420_000001,858091416,858091420,footway,steps,,,,,False,False,True,False,-1.0,0.0,90.04779679226456,False,suspicious_grade_jump,False
172063,676960.704,3535513.255,858428615_000001,861110939_000001,858428615,861110939,steps,footway,,,,,False,True,False,False,0.0,1.0,90.0572691988665,False,suspicious_grade_jump,False
172063,676960.704,3535513.255,861110939_000001,1524378313_000001,861110939,1524378313,footway,steps,,,,,True,False,False,False,1.0,0.0,89.96411111571238,False,suspicious_grade_jump,False
172115,672032.61,3546369.156,859591122_000001,859591123_000001,859591122,859591123,footway,steps,,,,,False,False,False,False,1.0,0.0,84.36187330793034,False,suspicious_grade_jump,False
172506,663785.517,3548472.207,860356116_000001,1525770503_000001,860356116,1525770503,footway,footway,,,,,False,False,True,False,-1.0,0.0,95.01597452274574,False,suspicious_grade_jump,False
172510,663842.266,3548397.512,860356117_000003,1525770502_000001,860356117,1525770502,footway,footway,,,,,False,False,True,False,-1.0,0.0,92.34168369279062,False,suspicious_grade_jump,False
172513,663664.619,3548382.291,860356118_000002,1525770505_000001,860356118,1525770505,footway,footway,,,,,False,False,True,False,-1.0,0.0,89.87163843475864,False,suspicious_grade_jump,False
172516,663624.797,3548427.429,860356119_000002,1525770504_000001,860356119,1525770504,footway,footway,,,,,False,False,True,False,-1.0,0.0,87.93861216443969,False,suspicious_grade_jump,False
172554,667901.246,3548641.874,860356137_000001,860356138_000001,860356137,860356138,footway,footway,,,,,False,False,True,True,0.0,-1.0,89.90490378981382,False,suspicious_grade_jump,False
172554,667901.246,3548641.874,860356137_000002,860356138_000001,860356137,860356138,footway,footway,,,,,False,False,True,True,0.0,-1.0,90.09287348202486,False,suspicious_grade_jump,False
172556,667949.861,3548660.297,860356137_000003,916927128_000005,860356137,916927128,footway,footway,,,,,False,False,True,False,0.0,0.0,155.8056559650786,False,suspicious_grade_jump,False
172602,675366.27,3552591.654,860371941_000001,943670750_000001,860371941,943670750,footway,footway,,,,,False,False,True,False,-1.0,0.0,89.64039147164173,False,suspicious_grade_jump,False
172605,675449.385,3552573.047,860371942_000002,943670747_000002,860371942,943670747,footway,footway,,,,,False,False,True,False,-1.0,0.0,93.42805227204693,False,suspicious_grade_jump,False
172625,681857.631,3550978.974,860371956_000004,1149495398_000001,860371956,1149495398,footway,footway,,,,,False,False,True,False,-1.0,0.0,91.79160453717118,False,suspicious_grade_jump,False
172633,681968.205,3550976.791,860371958_000003,1149495402_000002,860371958,1149495402,footway,footway,,,,,False,False,True,False,-1.0,0.0,89.73343545520878,False,suspicious_grade_jump,False
172638,683022.824,3550971.379,860371962_000001,931420966_000001,860371962,931420966,footway,footway,,,,,False,False,True,False,-1.0,0.0,83.5223859820838,False,suspicious_grade_jump,False
172677,687853.721,3553420.442,860371980_000001,1149492011_000001,860371980,1149492011,footway,footway,,,,,False,False,True,False,-1.0,0.0,85.20240506679141,False,suspicious_grade_jump,False
172688,668591.152,3546622.438,860586797_000001,860586798_000001,860586797,860586798,steps,footway,,,,,False,False,True,True,0.0,-1.0,91.0939178693038,False,suspicious_grade_jump,False
172692,667982.752,3546721.793,860727739_000002,SNAP_SP0000520_000001,860727739,SNAP_SP0000520,footway,topology_connector,,,,,False,False,True,False,-1.0,0.0,179.95470848593897,False,suspicious_grade_jump,False
172692,667982.752,3546721.793,860727739_000003,SNAP_SP0000521_000001,860727739,SNAP_SP0000521,footway,topology_connector,,,,,False,False,True,False,-1.0,0.0,179.99999914622634,False,suspicious_grade_jump,False
172692,667982.752,3546721.793,1523976191_000001,SNAP_SP0000520_000001,1523976191,SNAP_SP0000520,steps,topology_connector,,,,,False,False,True,False,-1.0,0.0,89.90326948458573,False,suspicious_grade_jump,False
172692,667982.752,3546721.793,1523976191_000001,SNAP_SP0000521_000001,1523976191,SNAP_SP0000521,steps,topology_connector,,,,,False,False,True,False,-1.0,0.0,90.4752881553739,False,suspicious_grade_jump,False
172693,667982.754,3546719.93,860727739_000003,SNAP_SP0000521_000001,860727739,SNAP_SP0000521,footway,topology_connector,,,,,False,False,True,False,-1.0,0.0,179.99999914622634,False,suspicious_grade_jump,False
172693,667982.754,3546719.93,1523976190_000001,SNAP_SP0000521_000001,1523976190,SNAP_SP0000521,steps,topology_connector,,,,,False,False,True,False,-1.0,0.0,90.15902570922422,False,suspicious_grade_jump,False
172709,667933.233,3546601.131,860727742_000001,1523976172_000001,860727742,1523976172,footway,footway,,,,,False,False,True,False,-1.0,0.0,89.60294562381937,False,suspicious_grade_jump,False
172768,667934.836,3546414.984,860727751_000001,1511458434_000001,860727751,1511458434,footway,footway,,,,,False,False,True,False,-1.0,0.0,90.46501511956626,False,suspicious_grade_jump,False
172770,667937.099,3546345.844,860727752_000001,1511458430_000001,860727752,1511458430,footway,steps,,,,,False,False,True,False,-1.0,0.0,89.54231844165666,False,suspicious_grade_jump,False
172799,667706.843,3546645.111,860727763_000001,1353846226_000010,860727763,1353846226,footway,footway,,,,,False,False,True,False,-1.0,0.0,93.12979203591625,False,suspicious_grade_jump,False
172808,668099.383,3546665.251,860727766_000001,1353846217_000003,860727766,1353846217,footway,footway,,,,,False,False,True,True,-1.0,0.0,88.32914195523173,False,suspicious_grade_jump,False
172808,668099.383,3546665.251,860727766_000002,1353846217_000003,860727766,1353846217,footway,footway,,,,,False,False,True,True,-1.0,0.0,91.3451626401675,False,suspicious_grade_jump,False
172915,667734.075,3544557.655,861110898_000003,1444119528_000003,861110898,1444119528,footway,footway,,,,,False,False,True,True,0.0,-1.0,89.94098243583535,False,suspicious_grade_jump,False
172915,667734.075,3544557.655,861110898_000003,1444119528_000004,861110898,1444119528,footway,footway,,,,,False,False,True,True,0.0,-1.0,89.7970035397213,False,suspicious_grade_jump,False
172919,667728.835,3544529.867,861110899_000003,1444119528_000001,861110899,1444119528,footway,footway,,,,,False,False,True,True,0.0,-1.0,90.67435868673374,False,suspicious_grade_jump,False
172923,665941.981,3540933.374,861110902_000001,962085181_000001,861110902,962085181,footway,footway,,,,,False,False,True,False,-1.0,0.0,95.81251186308454,False,suspicious_grade_jump,False
172946,667220.679,3539538.807,861110911_000001,962085175_000001,861110911,962085175,footway,footway,,,,,False,False,True,False,-1.0,0.0,97.77409441446667,False,suspicious_grade_jump,False
173119,662064.135,3538143.827,863035749_000001,897178057_000005,863035749,897178057,footway,footway,,,,,False,False,True,False,-1.0,0.0,121.2180033144642,False,suspicious_grade_jump,False
173140,662255.032,3541500.422,863035762_000001,931647225_000002,863035762,931647225,footway,footway,,,,,False,False,True,False,-1.0,0.0,119.42232342629143,False,suspicious_grade_jump,False
173140,662255.032,3541500.422,863035762_000001,931647225_000003,863035762,931647225,footway,footway,,,,,False,False,True,False,-1.0,0.0,87.17288698428634,False,suspicious_grade_jump,False
173144,662266.129,3541493.745,863035764_000001,931647225_000003,863035764,931647225,footway,footway,,,,,False,False,True,False,-1.0,0.0,94.61947650463121,False,suspicious_grade_jump,False
173150,662211.553,3541408.179,863035765_000001,931647227_000003,863035765,931647227,footway,footway,,,,,False,False,True,False,-1.0,0.0,168.78350271895988,False,suspicious_grade_jump,False
173155,662042.817,3541408.516,863035767_000001,931647229_000011,863035767,931647229,footway,footway,,,,,False,False,True,False,-1.0,0.0,85.85066778749226,False,suspicious_grade_jump,False
173159,662057.762,3541520.743,863035769_000001,931647229_000001,863035769,931647229,footway,footway,,,,,False,False,True,False,-1.0,0.0,98.57694994560386,False,suspicious_grade_jump,False
173162,662090.466,3541584.582,863035770_000001,931647231_000005,863035770,931647231,footway,footway,,,,,False,False,True,False,-1.0,0.0,88.49130861089252,False,suspicious_grade_jump,False
173281,671234.823,3546463.219,863066503_000001,1160874498_000014,863066503,1160874498,footway,primary,,中山东路,,,False,False,True,False,-1.0,0.0,91.07448288634914,False,suspicious_grade_jump,False
173281,671234.823,3546463.219,863066503_000001,1160874498_000015,863066503,1160874498,footway,primary,,中山东路,,,False,False,True,False,-1.0,0.0,88.9398821462985,False,suspicious_grade_jump,False
173286,671395.846,3546483.68,863066505_000001,1521294531_000001,863066505,1521294531,footway,footway,,,,,False,False,True,False,-1.0,0.0,89.72132200978014,False,suspicious_grade_jump,False
173322,675013.344,3546166.852,863066521_000001,1353846189_000002,863066521,1353846189,footway,footway,,,,,False,False,True,False,-1.0,0.0,91.8041845053288,False,suspicious_grade_jump,False
173340,678408.104,3547721.986,863066538_000001,863066540_000001,863066538,863066540,footway,steps,,,,,True,False,False,False,1.0,0.0,90.61954632734681,False,suspicious_grade_jump,False
173340,678408.104,3547721.986,863066540_000001,1513870810_000001,863066540,1513870810,steps,footway,,,,,False,True,False,False,0.0,1.0,91.67879090586983,False,suspicious_grade_jump,False
173341,678407.251,3547777.179,863066539_000001,863066541_000001,863066539,863066541,footway,steps,,,,,True,False,False,False,1.0,0.0,87.26416563045638,False,suspicious_grade_jump,False
173341,678407.251,3547777.179,863066539_000001,863066541_000002,863066539,863066541,footway,steps,,,,,True,False,False,False,1.0,0.0,96.09188915102813,False,suspicious_grade_jump,False
173341,678407.251,3547777.179,863066541_000001,1070192087_000001,863066541,1070192087,steps,footway,,,,,False,True,False,False,0.0,1.0,88.86164931725803,False,suspicious_grade_jump,False
173341,678407.251,3547777.179,863066541_000002,1070192087_000001,863066541,1070192087,steps,footway,,,,,False,True,False,False,0.0,1.0,87.78229590125748,False,suspicious_grade_jump,False
173474,669131.564,3547450.88,863304014_000003,1353846214_000005,863304014,1353846214,footway,footway,,,,,False,False,True,False,-1.0,0.0,91.99307726521971,False,suspicious_grade_jump,False
173598,663314.909,3540577.423,863540505_000001,954421777_000001,863540505,954421777,footway,footway,,,,,False,False,True,False,-1.0,0.0,92.08155991763715,False,suspicious_grade_jump,False
174428,683426.648,3560688.207,871590051_000002,943943544_000007,871590051,943943544,unclassified,service,,,,,True,False,False,False,1.0,0.0,91.41006054076173,False,suspicious_grade_jump,False
174428,683426.648,3560688.207,871590051_000002,943943544_000008,871590051,943943544,unclassified,service,,,,,True,False,False,False,1.0,0.0,92.83686478160097,False,suspicious_grade_jump,False
174850,689335.411,3554258.524,875398320_000001,915384661_000022,875398320,915384661,residential,residential,,,,,True,False,False,False,1.0,0.0,83.54985232791675,False,suspicious_grade_jump,False
175282,686383.286,3560643.093,876562212_000001,890956429_000001,876562212,890956429,unclassified,service,,,,,True,False,False,False,1.0,0.0,115.46030537839437,False,suspicious_grade_jump,False
175346,686431.688,3560625.338,876562212_000002,890956430_000019,876562212,890956430,unclassified,service,,,,,True,False,False,False,1.0,0.0,60.6416959831692,False,suspicious_grade_jump,False
176968,689854.429,3561201.257,882701201_p2_000010,882701202_000001,882701201_p2,882701202,unclassified,unclassified,,,,,False,True,False,False,0.0,1.0,90.44216841204084,False,suspicious_grade_jump,False
176968,689854.429,3561201.257,882701201_p2_000011,882701202_000001,882701201_p2,882701202,unclassified,unclassified,,,,,False,True,False,False,0.0,1.0,89.54792369688084,False,suspicious_grade_jump,False
178634,671296.422,3557900.531,883826564_000009,1314426149_000001,883826564,1314426149,tertiary,unclassified,燕春路,,,,False,True,False,False,0.0,1.0,92.50700944476642,False,suspicious_grade_jump,False
178634,671296.422,3557900.531,883826564_000010,1314426149_000001,883826564,1314426149,tertiary,unclassified,燕春路,,,,False,True,False,False,0.0,1.0,87.54661551820357,False,suspicious_grade_jump,False
178714,673807.337,3555944.267,883826600_000001,1313184798_000063,883826600,1313184798,residential,footway,燕尧路,,,,True,False,False,False,1.0,0.0,86.68265484112439,False,suspicious_grade_jump,False
178714,673807.337,3555944.267,883826600_000001,1313293371_000001,883826600,1313293371,residential,footway,燕尧路,,,,True,False,False,False,1.0,0.0,136.42817927097803,False,suspicious_grade_jump,False
178820,677465.278,3554850.136,884063607_000003,884063608_000001,884063607,884063608,footway,footway,,,,,False,True,False,False,0.0,1.0,88.8014466228803,False,suspicious_grade_jump,False
178949,666455.876,3541799.044,884201518_000001,1395424247_000020,884201518,1395424247,primary,service,雨花西路,,,,False,False,False,False,0.0,1.0,180.0,False,suspicious_grade_jump,False
178950,666470.008,3541820.777,884201518_000001,1395424247_000020,884201518,1395424247,primary,service,雨花西路,,,,False,False,False,False,0.0,1.0,180.0,False,suspicious_grade_jump,False
178950,666470.008,3541820.777,884201518_000002,1395424247_000021,884201518,1395424247,primary,service,雨花西路,,,,False,False,False,False,0.0,1.0,180.0,False,suspicious_grade_jump,False
178952,666118.807,3541422.112,884201520_000001,1395424247_000005,884201520,1395424247,primary,service,雨花西路,,,,False,False,False,False,0.0,1.0,180.0,False,suspicious_grade_jump,False
178952,666118.807,3541422.112,884201520_000002,1395424247_000006,884201520,1395424247,primary,service,雨花西路,,,,False,False,False,False,0.0,1.0,179.99999914622634,False,suspicious_grade_jump,False
178953,666137.91,3541440.743,884201520_000002,1395424247_000006,884201520,1395424247,primary,service,雨花西路,,,,False,False,False,False,0.0,1.0,179.99999914622634,False,suspicious_grade_jump,False
181955,674188.054,3558457.354,888789285_000001,1315625586_000001,888789285,1315625586,service,service,,,,,True,False,False,False,1.0,0.0,91.95791157614437,False,suspicious_grade_jump,False
184366,689305.437,3553918.408,915384661_000013,915384663_000001,915384661,915384663,residential,residential,,,,,False,True,False,False,0.0,1.0,84.80946754840107,False,suspicious_grade_jump,False
184366,689305.437,3553918.408,915384661_000014,915384663_000001,915384661,915384663,residential,residential,,,,,False,True,False,False,0.0,1.0,94.78039242745804,False,suspicious_grade_jump,False
184774,685608.877,3558257.874,915384705_000001,915384709_000001,915384705,915384709,footway,steps,,,,,True,False,False,False,1.0,0.0,90.5169627003355,False,suspicious_grade_jump,False
184776,685605.85,3558207.199,915384705_000002,915384707_000001,915384705,915384707,footway,steps,,,,,True,False,False,False,1.0,1.0,90.29217034208234,False,suspicious_grade_jump,False
184778,685579.69,3558208.895,915384707_000001,915384708_000001,915384707,915384708,steps,footway,,,,,False,False,False,False,1.0,0.0,89.65491456076326,False,suspicious_grade_jump,False
184873,673711.57,3552327.884,916706099_000001,916706100_000001,916706099,916706100,pedestrian,steps,,,,,True,False,False,False,0.0,0.0,93.83936790639302,False,suspicious_grade_jump,False
185191,665367.703,3551070.585,916929374_000001,916929375_000001,916929374,916929375,footway,steps,,,,,True,False,False,False,1.0,0.0,106.48702595124915,False,suspicious_grade_jump,False
185192,665394.351,3551096.457,916929374_000001,916929376_000001,916929374,916929376,footway,steps,,,,,True,False,False,False,1.0,0.0,122.17681173176221,False,suspicious_grade_jump,False
191293,687947.562,3546368.754,923849837_000001,923849879_000010,923849837,923849879,unclassified,tertiary,,龙尚路,,,True,False,False,False,1.0,0.0,86.30082963157592,False,suspicious_grade_jump,False
191293,687947.562,3546368.754,923849837_000001,923849879_000011,923849837,923849879,unclassified,tertiary,,龙尚路,,,True,False,False,False,1.0,0.0,93.16902127539032,False,suspicious_grade_jump,False
192003,682622.748,3548132.391,924094794_000003,924094796_000001,924094794,924094796,steps,footway,,,,,False,True,False,False,0.0,1.0,90.87125686794934,False,suspicious_grade_jump,False
192004,682617.048,3548197.436,924094795_000001,924094796_000003,924094795,924094796,steps,footway,,,,,False,True,False,False,0.0,1.0,89.73111179766757,False,suspicious_grade_jump,False
192557,675276.2,3539654.926,925513204_000033,1516636298_000001,925513204,1516636298,unclassified,residential,,卢家桥路,,,False,True,False,False,0.0,1.0,84.21207590976681,False,suspicious_grade_jump,False
194209,685337.833,3548488.24,931420958_000001,931420959_000001,931420958,931420959,footway,steps,,,,,True,False,False,False,1.0,0.0,86.11223670485714,False,suspicious_grade_jump,False
194211,685355.774,3548423.607,931420958_000002,931420960_000001,931420958,931420960,footway,steps,,,,,True,False,False,False,1.0,0.0,88.29059924819813,False,suspicious_grade_jump,False
196120,677572.011,3557933.446,934630158_000006,1315568570_000001,934630158,1315568570,service,service,,,,,False,False,False,False,0.0,-1.0,91.38627405968353,False,suspicious_grade_jump,False
196120,677572.011,3557933.446,934630158_000007,1315568570_000001,934630158,1315568570,service,service,,,,,False,False,False,False,0.0,-1.0,88.66285866949536,False,suspicious_grade_jump,False
196772,676929.16,3557797.322,934630262_000003,1304588567_000003,934630262,1304588567,service,service,,,,,False,False,False,False,0.0,1.0,89.8790676037039,False,suspicious_grade_jump,False
196772,676929.16,3557797.322,934630262_000003,1304588567_000004,934630262,1304588567,service,service,,,,,False,False,False,False,0.0,1.0,89.51724536587251,False,suspicious_grade_jump,False
196772,676929.16,3557797.322,934630262_000004,1304588567_000003,934630262,1304588567,service,service,,,,,False,False,False,False,0.0,1.0,90.12361629468688,False,suspicious_grade_jump,False
196772,676929.16,3557797.322,934630262_000004,1304588567_000004,934630262,1304588567,service,service,,,,,False,False,False,False,0.0,1.0,90.48007073573672,False,suspicious_grade_jump,False
197206,667576.556,3561641.872,938813023_000001,992609186_000013,938813023,992609186,service,tertiary,,环洲路,,,True,False,False,False,1.0,0.0,92.3285343056279,False,suspicious_grade_jump,False
197206,667576.556,3561641.872,938813023_000001,992609186_000014,938813023,992609186,service,tertiary,,环洲路,,,True,False,False,False,1.0,0.0,87.67284654655919,False,suspicious_grade_jump,False
197950,671353.103,3565016.043,938813151_000001,938813166_000025,938813151,938813166,footway,footway,,,,,True,False,False,False,1.0,0.0,51.14022223942656,False,suspicious_grade_jump,False
197950,671353.103,3565016.043,938813151_000001,938813166_000026,938813151,938813166,footway,footway,,,,,True,False,False,False,1.0,0.0,115.26175257753498,False,suspicious_grade_jump,False
198642,673729.049,3561885.736,938813226_000001,938813227_000001,938813226,938813227,footway,footway,,,,,True,False,False,False,1.0,0.0,80.1604176293282,False,suspicious_grade_jump,False
198647,673770.918,3561896.712,938813227_000005,938813230_000001,938813227,938813230,footway,footway,,,,,False,True,False,False,0.0,1.0,97.102161792652,False,suspicious_grade_jump,False
199017,671223.394,3564138.944,940668948_000001,940668950_000015,940668948,940668950,footway,footway,,,,,True,False,False,False,1.0,0.0,91.1134957824944,False,suspicious_grade_jump,False
199017,671223.394,3564138.944,940668948_000001,940668950_000016,940668948,940668950,footway,footway,,,,,True,False,False,False,1.0,0.0,88.20339010294084,False,suspicious_grade_jump,False
199025,671345.689,3564123.766,940668947_000001,940668950_000005,940668947,940668950,footway,footway,,,,,True,False,False,False,1.0,0.0,79.25727652284836,False,suspicious_grade_jump,False
199025,671345.689,3564123.766,940668947_000001,940668950_000006,940668947,940668950,footway,footway,,,,,True,False,False,False,1.0,0.0,86.34750301006598,False,suspicious_grade_jump,False
199026,671343.661,3564107.063,940668947_000001,940668957_000013,940668947,940668957,footway,service,,,,,True,False,False,False,1.0,0.0,90.37492179360213,False,suspicious_grade_jump,False
199026,671343.661,3564107.063,940668947_000001,940668957_000014,940668947,940668957,footway,service,,,,,True,False,False,False,1.0,0.0,89.63371060336304,False,suspicious_grade_jump,False
199027,671221.632,3564122.689,940668948_000001,940668957_000010,940668948,940668957,footway,service,,,,,True,False,False,False,1.0,0.0,91.10755836260711,False,suspicious_grade_jump,False
199027,671221.632,3564122.689,940668948_000001,940668957_000011,940668948,940668957,footway,service,,,,,True,False,False,False,1.0,0.0,88.88893704128083,False,suspicious_grade_jump,False
199689,679101.454,3564137.221,942240378_000002,1301040527_000001,942240378,1301040527,service,service,,,,,False,True,False,False,0.0,1.0,65.17055127646985,False,suspicious_grade_jump,False
200747,668703.507,3543136.231,946761344_000002,1076768379_000001,946761344,1076768379,residential,residential,,,,,False,False,False,False,0.0,-1.0,74.58556082249844,False,suspicious_grade_jump,False
200747,668703.507,3543136.231,946761344_000003,1076768379_000001,946761344,1076768379,residential,residential,,,,,False,False,False,False,0.0,-1.0,105.38744381514549,False,suspicious_grade_jump,False
200968,672776.566,3552101.149,947821573_000001,947821574_000001,947821573,947821574,footway,steps,,,,,True,False,False,False,1.0,0.0,90.61967351082085,False,suspicious_grade_jump,False
200969,672791.746,3552055.672,947821573_000001,947821575_000001,947821573,947821575,footway,steps,,,,,True,False,False,False,1.0,0.0,90.27821049137127,False,suspicious_grade_jump,False
201467,669223.57,3547365.431,949327406_000003,949327407_000001,949327406,949327407,living_street,living_street,,,,,False,False,False,False,0.0,-1.0,90.61886981806428,False,suspicious_grade_jump,False
201467,669223.57,3547365.431,949327406_000004,949327407_000001,949327406,949327407,living_street,living_street,,,,,False,False,False,False,0.0,-1.0,89.38058674522391,False,suspicious_grade_jump,False
201765,663782.686,3544784.064,952720904_000001,1306129427_000001,952720904,1306129427,footway,steps,所街地下通道,,,,False,False,True,False,-1.0,0.0,173.5748284826998,False,suspicious_grade_jump,False
201765,663782.686,3544784.064,952720904_000002,1306129427_000001,952720904,1306129427,footway,steps,所街地下通道,,,,False,False,True,False,-1.0,0.0,81.13589922370973,False,suspicious_grade_jump,False
201767,663709.739,3544800.957,952720904_000004,SNAP_SP0000070_000001,952720904,SNAP_SP0000070,footway,topology_connector,所街地下通道,,,,False,False,True,False,-1.0,0.0,180.0,False,suspicious_grade_jump,False
201767,663709.739,3544800.957,952720905_000001,SNAP_SP0000070_000001,952720905,SNAP_SP0000070,steps,topology_connector,,,,,False,False,True,False,-1.0,0.0,96.16900775522558,False,suspicious_grade_jump,False
201768,663708.601,3544801.216,952720904_000004,SNAP_SP0000070_000001,952720904,SNAP_SP0000070,footway,topology_connector,所街地下通道,,,,False,False,True,False,-1.0,0.0,180.0,False,suspicious_grade_jump,False
201768,663708.601,3544801.216,952720906_000001,SNAP_SP0000070_000001,952720906,SNAP_SP0000070,steps,topology_connector,,,,,False,False,True,False,-1.0,0.0,83.65677130261747,False,suspicious_grade_jump,False
201770,663710.926,3544811.134,952720905_000001,952954727_000001,952720905,952954727,steps,footway,,,,,False,False,True,False,-1.0,0.0,79.42832719020909,False,suspicious_grade_jump,False
201771,663709.768,3544811.493,952720906_000001,952954727_000001,952720906,952954727,steps,footway,,,,,False,False,True,False,-1.0,0.0,100.74589375194789,False,suspicious_grade_jump,False
201771,663709.768,3544811.493,952720906_000001,952954727_000002,952720906,952954727,steps,footway,,,,,False,False,True,False,-1.0,0.0,81.38421907141891,False,suspicious_grade_jump,False
201771,663709.768,3544811.493,952720906_000001,SNAP_SP0000071_000001,952720906,SNAP_SP0000071,steps,topology_connector,,,,,False,False,True,False,-1.0,0.0,81.38421907141891,False,suspicious_grade_jump,False
201772,663708.411,3544811.859,952720907_000001,952954727_000002,952720907,952954727,steps,footway,,,,,False,False,True,False,-1.0,0.0,98.16372923130496,False,suspicious_grade_jump,False
201772,663708.411,3544811.859,952720907_000001,952954727_000003,952720907,952954727,steps,footway,,,,,False,False,True,False,-1.0,0.0,83.83604388210101,False,suspicious_grade_jump,False
201772,663708.411,3544811.859,952720907_000001,SNAP_SP0000071_000001,952720907,SNAP_SP0000071,steps,topology_connector,,,,,False,False,True,False,-1.0,0.0,98.16372923130496,False,suspicious_grade_jump,False
201868,663202.576,3540663.122,954421771_000001,954421772_000001,954421771,954421772,footway,footway,,,,,False,False,True,True,-2.0,-1.0,88.65259464248749,False,suspicious_grade_jump,False
201868,663202.576,3540663.122,954421771_000002,954421772_000001,954421771,954421772,footway,footway,,,,,False,False,True,True,-2.0,-1.0,91.37007617779034,False,suspicious_grade_jump,False
202113,669247.793,3535474.193,957711811_000001,1052998566_000017,957711811,1052998566,path,path,,,,,True,False,False,False,1.0,0.0,93.19630123296992,False,suspicious_grade_jump,False
202113,669247.793,3535474.193,957711811_000001,1052998566_000018,957711811,1052998566,path,path,,,,,True,False,False,False,1.0,0.0,70.08743625045591,False,suspicious_grade_jump,False
202114,669256.022,3535498.659,957711811_000001,957711813_000001,957711811,957711813,path,path,,,,,True,False,False,False,1.0,0.0,78.46393335921346,False,suspicious_grade_jump,False
202351,665972.853,3541010.903,962085178_000002,962085179_000004,962085178,962085179,footway,footway,,,,,False,False,True,True,-2.0,-1.0,84.69050390877368,False,suspicious_grade_jump,False
202423,668488.912,3543315.355,962884640_000001,1436614977_000001,962884640,1436614977,footway,footway,,,,,False,False,False,False,-1.0,0.0,95.93503167805815,False,suspicious_grade_jump,False
202423,668488.912,3543315.355,962884640_000023,1436614977_000001,962884640,1436614977,footway,footway,,,,,False,False,False,False,-1.0,0.0,81.4531606811078,False,suspicious_grade_jump,False
202607,669408.764,3534627.505,963531912_000008,1080174303_000018,963531912,1080174303,footway,footway,,,,,False,False,False,False,0.0,-1.0,89.58448626390651,False,suspicious_grade_jump,False
202607,669408.764,3534627.505,963531912_000008,1080174303_000019,963531912,1080174303,footway,footway,,,,,False,False,False,False,0.0,-1.0,90.72258396931034,False,suspicious_grade_jump,False
202607,669408.764,3534627.505,963531912_000009,1080174303_000018,963531912,1080174303,footway,footway,,,,,False,False,False,False,0.0,-1.0,89.99160250756036,False,suspicious_grade_jump,False
202607,669408.764,3534627.505,963531912_000009,1080174303_000019,963531912,1080174303,footway,footway,,,,,False,False,False,False,0.0,-1.0,89.7013272592228,False,suspicious_grade_jump,False
206798,661912.762,3564686.727,971606037_000001,1057158539_000031,971606037,1057158539,service,footway,,,,,True,False,False,False,1.0,0.0,73.07455473778325,False,suspicious_grade_jump,False
206798,661912.762,3564686.727,971606037_000001,1057158539_000032,971606037,1057158539,service,footway,,,,,True,False,False,False,1.0,0.0,94.75466426486639,False,suspicious_grade_jump,False
206798,661912.762,3564686.727,971606037_000002,1057158539_000031,971606037,1057158539,service,footway,,,,,True,False,False,False,1.0,0.0,108.67060525761167,False,suspicious_grade_jump,False
206798,661912.762,3564686.727,971606037_000002,1057158539_000032,971606037,1057158539,service,footway,,,,,True,False,False,False,1.0,0.0,83.50017573973871,False,suspicious_grade_jump,False
206799,661614.461,3564640.798,1316175155_000004,1498513299_000001,1316175155,1498513299,service,service,,,,,False,False,False,True,0.0,-1.0,105.53161789555405,False,suspicious_grade_jump,False
211077,665938.279,3560229.979,992609169_000001,992609180_000019,992609169,992609180,path,path,,,,,False,True,False,False,0.0,1.0,127.71277410707218,False,suspicious_grade_jump,False
212842,679860.351,3533129.31,995879633_000015,1441889355_000001,995879633,1441889355,residential,footway,,,,,False,True,False,False,0.0,1.0,51.0683461360965,False,suspicious_grade_jump,False
212842,679860.351,3533129.31,995879633_000016,1441889355_000001,995879633,1441889355,residential,footway,,,,,False,True,False,False,0.0,1.0,93.35608212026901,False,suspicious_grade_jump,False
213017,677461.27,3533906.739,1001912153_000001,SNAP_SP0000077_000001,1001912153,SNAP_SP0000077,footway,topology_connector,,,,,True,False,False,False,1.0,0.0,180.0,False,suspicious_grade_jump,False
213018,677461.278,3533906.284,1001912153_000001,SNAP_SP0000077_000001,1001912153,SNAP_SP0000077,footway,topology_connector,,,,,True,False,False,False,1.0,0.0,180.0,False,suspicious_grade_jump,False
213018,677461.278,3533906.284,1001912154_000002,SNAP_SP0000077_000001,1001912154,SNAP_SP0000077,footway,topology_connector,,,,,True,False,False,False,1.0,0.0,89.80489492713323,False,suspicious_grade_jump,False
213020,677401.184,3533905.065,1001912154_000001,SNAP_SP0000078_000001,1001912154,SNAP_SP0000078,footway,topology_connector,,,,,True,False,False,False,1.0,0.0,90.03476105791847,False,suspicious_grade_jump,False
213020,677401.184,3533905.065,1001912155_000002,SNAP_SP0000078_000001,1001912155,SNAP_SP0000078,footway,topology_connector,,,,,True,False,False,False,1.0,0.0,179.99999914622634,False,suspicious_grade_jump,False
213021,677430.881,3533905.646,1001912154_000001,1001912227_000001,1001912154,1001912227,footway,steps,,,,,True,False,False,False,1.0,0.0,89.41147461149079,False,suspicious_grade_jump,False
213021,677430.881,3533905.646,1001912154_000002,1001912227_000001,1001912154,1001912227,footway,steps,,,,,True,False,False,False,1.0,0.0,90.67011812428409,False,suspicious_grade_jump,False
213023,677401.18,3533905.276,1001912155_000002,SNAP_SP0000078_000001,1001912155,SNAP_SP0000078,footway,topology_connector,,,,,True,False,False,False,1.0,0.0,179.99999914622634,False,suspicious_grade_jump,False
214533,677433.116,3554247.985,1007935979_000001,1306964591_000001,1007935979,1306964591,service,unclassified,,,,,True,False,False,True,2.0,0.0,68.79792156362716,False,suspicious_grade_jump,False
214533,677433.116,3554247.985,1007935979_000001,1306964592_000009,1007935979,1306964592,service,unclassified,,,,,True,False,False,False,2.0,0.0,109.23096983682235,False,suspicious_grade_jump,False
214797,667403.152,3543508.266,1008801409_000001,1524823332_000029,1008801409,1524823332,primary,service,中山南路,,,,False,False,False,False,0.0,1.0,180.0,False,suspicious_grade_jump,False
214798,667406.246,3543520.071,1008801409_000001,1524823332_000029,1008801409,1524823332,primary,service,中山南路,,,,False,False,False,False,0.0,1.0,180.0,False,suspicious_grade_jump,False
214798,667406.246,3543520.071,1008801409_000002,1524823332_000030,1008801409,1524823332,primary,service,中山南路,,,,False,False,False,False,0.0,1.0,180.0,False,suspicious_grade_jump,False
214799,667418.727,3543567.917,1008801409_000003,1524823332_000031,1008801409,1524823332,primary,service,中山南路,,,,False,False,False,False,0.0,1.0,179.99999914622634,False,suspicious_grade_jump,False
214799,667418.727,3543567.917,1008801409_000004,1524823332_000032,1008801409,1524823332,primary,service,中山南路,,,,False,False,False,False,0.0,1.0,180.0,False,suspicious_grade_jump,False
214800,667427.074,3543597.63,1008801409_000004,1524823332_000032,1008801409,1524823332,primary,service,中山南路,,,,False,False,False,False,0.0,1.0,180.0,False,suspicious_grade_jump,False
214800,667427.074,3543597.63,1008801409_000005,1524823332_000033,1008801409,1524823332,primary,service,中山南路,,,,False,False,False,False,0.0,1.0,180.0,False,suspicious_grade_jump,False
214919,659379.179,3558703.787,1011430111_000002,1011430144_000001,1011430111,1011430144,steps,footway,,,,,False,True,False,False,0.0,1.0,87.77346116737449,False,suspicious_grade_jump,False
214919,659379.179,3558703.787,1011430111_000003,1011430144_000001,1011430111,1011430144,steps,footway,,,,,False,True,False,False,0.0,1.0,92.17507363588986,False,suspicious_grade_jump,False
216738,676775.202,3551081.992,1023504426_000001,1023504443_000015,1023504426,1023504443,service,service,,,,,False,False,False,False,-1.0,0.0,46.38093616146043,False,suspicious_grade_jump,False
218427,672388.608,3541766.153,1035238944_000003,1492493004_000001,1035238944,1492493004,tertiary,footway,,,,,False,True,False,False,0.0,1.0,87.79000776961759,False,suspicious_grade_jump,False
218427,672388.608,3541766.153,1035238944_000004,1492493004_000001,1035238944,1492493004,tertiary,footway,,,,,False,True,False,False,0.0,1.0,92.20176792754297,False,suspicious_grade_jump,False
218436,672072.755,3541535.645,1035238944_000013,1492493003_000002,1035238944,1492493003,tertiary,footway,,,,,False,True,False,False,0.0,1.0,87.32901706919317,False,suspicious_grade_jump,False
218436,672072.755,3541535.645,1035238944_000014,1492493003_000002,1035238944,1492493003,tertiary,footway,,,,,False,True,False,False,0.0,1.0,92.67110535221315,False,suspicious_grade_jump,False
218450,671507.804,3541123.879,1035238944_000028,1492493010_000001,1035238944,1492493010,tertiary,footway,,,,,False,True,False,False,0.0,1.0,89.47890808962028,False,suspicious_grade_jump,False
218450,671507.804,3541123.879,1035238944_000029,1492493010_000001,1035238944,1492493010,tertiary,footway,,,,,False,True,False,False,0.0,1.0,90.5200701386229,False,suspicious_grade_jump,False
218460,671138.553,3540857.718,1035238944_000038,1492493009_000001,1035238944,1492493009,tertiary,footway,,,,,False,True,False,False,0.0,1.0,86.59788011785294,False,suspicious_grade_jump,False
218460,671138.553,3540857.718,1035238944_000039,1492493009_000001,1035238944,1492493009,tertiary,footway,,,,,False,True,False,False,0.0,1.0,93.40356245793645,False,suspicious_grade_jump,False
219286,655710.871,3546647.326,1044458317_000015,1163313983_000001,1044458317,1163313983,footway,footway,,,,,False,True,False,False,0.0,1.0,141.57791982737518,False,suspicious_grade_jump,False
219289,655649.403,3546675.229,1044458317_000017,1163313983_000006,1044458317,1163313983,footway,footway,,,,,False,True,False,False,0.0,1.0,145.24753624480627,False,suspicious_grade_jump,False
219291,655614.079,3546695.049,1044458317_000020,1163313981_000003,1044458317,1163313981,footway,footway,,,,,False,True,False,False,0.0,1.0,141.24379962234121,False,suspicious_grade_jump,False
219293,655591.233,3546706.765,1044458317_000021,1163313980_000001,1044458317,1163313980,footway,footway,,,,,False,True,False,False,0.0,1.0,68.10819718282774,False,suspicious_grade_jump,False
219293,655591.233,3546706.765,1044458317_000022,1163313980_000001,1044458317,1163313980,footway,footway,,,,,False,True,False,False,0.0,1.0,111.92402327076849,False,suspicious_grade_jump,False
219308,655568.174,3545891.333,1044458322_000001,1044462147_000001,1044458322,1044462147,footway,steps,园创路通道,,,,False,False,True,False,-1.0,0.0,89.36029786549012,False,suspicious_grade_jump,False
219308,655568.174,3545891.333,1044458322_000001,1044462147_000002,1044458322,1044462147,footway,steps,园创路通道,,,,False,False,True,False,-1.0,0.0,92.28849320029758,False,suspicious_grade_jump,False
219337,655357.177,3546876.88,1044462146_000026,1271670838_000001,1044462146,1271670838,footway,footway,,水月桥,,,False,True,False,False,0.0,1.0,148.12599590291566,False,suspicious_grade_jump,False
220683,655130.339,3551866.722,1044757462_000045,1044757467_000004,1044757462,1044757467,path,footway,,,,,True,False,False,False,0.0,0.0,71.97206155788476,False,suspicious_grade_jump,False
220683,655130.339,3551866.722,1044757462_000045,1044757467_000005,1044757462,1044757467,path,footway,,,,,True,False,False,False,0.0,0.0,88.98628526653788,False,suspicious_grade_jump,False
220684,655133.971,3551853.936,1044757463_000001,1044757467_000015,1044757463,1044757467,path,footway,,,,,True,False,False,False,0.0,0.0,96.16234193877516,False,suspicious_grade_jump,False
220684,655133.971,3551853.936,1044757463_000001,1044757467_000016,1044757463,1044757467,path,footway,,,,,True,False,False,False,0.0,0.0,63.68656264004831,False,suspicious_grade_jump,False
221002,662235.818,3541303.704,1046385210_000002,1081964181_000001,1046385210,1081964181,unclassified,footway,,,,,False,False,False,False,0.0,-1.0,90.77973311011287,False,suspicious_grade_jump,False
221002,662235.818,3541303.704,1046385210_000003,1081964181_000001,1046385210,1081964181,unclassified,footway,,,,,False,False,False,False,0.0,-1.0,89.2157452496013,False,suspicious_grade_jump,False
221019,662326.695,3541339.669,1046385211_000011,1090926265_000006,1046385211,1090926265,unclassified,primary,,河西大街,,,False,False,False,False,-1.0,0.0,86.26977745840212,False,suspicious_grade_jump,False
221019,662326.695,3541339.669,1046385211_000011,1090926265_000007,1046385211,1090926265,unclassified,primary,,河西大街,,,False,False,False,False,-1.0,0.0,93.73996953947567,False,suspicious_grade_jump,False
221675,668393.171,3543460.058,1047319838_000001,1047319839_000001,1047319838,1047319839,footway,footway,,,,,True,False,False,False,1.0,0.0,90.8294556776587,False,suspicious_grade_jump,False
221678,668387.281,3543453.396,1047319839_000003,1052394368_000001,1047319839,1052394368,footway,footway,,,,,False,False,False,False,0.0,-1.0,90.0897025190309,False,suspicious_grade_jump,False
221690,668368.972,3543412.605,1047337498_000004,1047337499_000001,1047337498,1047337499,footway,footway,,,,,False,True,False,False,0.0,1.0,90.81776667048548,False,suspicious_grade_jump,False
221690,668368.972,3543412.605,1047337498_000005,1047337499_000001,1047337498,1047337499,footway,footway,,,,,False,True,False,False,0.0,1.0,89.2612646862821,False,suspicious_grade_jump,False
221703,668366.507,3543350.695,1047337517_000001,1047337518_000001,1047337517,1047337518,footway,footway,,,,,False,False,False,False,0.0,-1.0,94.23813254609261,False,suspicious_grade_jump,False
221703,668366.507,3543350.695,1047337518_000001,1047337521_000001,1047337518,1047337521,footway,footway,,,,,False,False,False,False,-1.0,0.0,87.21085529763126,False,suspicious_grade_jump,False
221705,668358.001,3543353.117,1047337518_000002,1047340748_000001,1047337518,1047340748,footway,footway,,,,,False,False,False,False,-1.0,0.0,88.75334869513696,False,suspicious_grade_jump,False
221705,668358.001,3543353.117,1047337519_000001,1047340748_000001,1047337519,1047340748,footway,footway,,,,,True,False,False,False,1.0,0.0,90.65219658034918,False,suspicious_grade_jump,False
221724,668316.95,3543273.792,1047350221_000001,1047350224_000001,1047350221,1047350224,footway,footway,,,,,True,False,False,False,1.0,0.0,94.6752662856192,False,suspicious_grade_jump,False
221724,668316.95,3543273.792,1047350221_000001,1047350224_000002,1047350221,1047350224,footway,footway,,,,,True,False,False,False,1.0,0.0,78.39146799623609,False,suspicious_grade_jump,False
221726,668319.131,3543280.238,1047350223_000001,1047350224_000001,1047350223,1047350224,footway,footway,,,,,True,False,False,False,1.0,0.0,84.22196427357375,False,suspicious_grade_jump,False
221880,658425.152,3550331.244,1047625885_000001,1047625886_000001,1047625885,1047625886,footway,steps,,,,,True,False,False,False,1.0,0.0,62.955218242997994,False,suspicious_grade_jump,False
221882,658418.584,3550284.922,1047625887_000001,1047625888_000001,1047625887,1047625888,footway,steps,,,,,True,False,False,False,1.0,0.0,45.15793990783031,False,suspicious_grade_jump,False
221928,658361.287,3550139.572,1047625903_000005,1047625904_000001,1047625903,1047625904,footway,steps,如意桥,,,,True,False,False,False,1.0,0.0,139.2301299911279,False,suspicious_grade_jump,False
223219,680585.95,3548359.662,1050150919_000001,1050150920_000001,1050150919,1050150920,steps,footway,,,,,False,True,False,False,0.0,1.0,95.49811643465806,False,suspicious_grade_jump,False
223221,680612.45,3548284.694,1050150920_000002,1050150921_000001,1050150920,1050150921,footway,steps,,,,,True,False,False,False,1.0,0.0,86.13365640014642,False,suspicious_grade_jump,False
223701,656775.835,3548324.197,1050550212_000001,1050550214_000001,1050550212,1050550214,steps,footway,,,,,False,False,False,True,0.0,-1.0,89.90795050701577,False,suspicious_grade_jump,False
223701,656775.835,3548324.197,1050550212_000002,1050550214_000001,1050550212,1050550214,steps,footway,,,,,False,False,False,True,0.0,-1.0,89.4992120829688,False,suspicious_grade_jump,False
224668,682483.208,3555567.683,1051727044_000002,1051727062_000002,1051727044,1051727062,footway,footway,百工桥,,,,True,False,False,False,1.0,0.0,103.14677154282977,False,suspicious_grade_jump,False
224745,682270.027,3555792.66,1051736218_000001,1051991394_000002,1051736218,1051991394,footway,footway,,,,,False,False,False,False,1.0,0.0,54.64202231039917,False,suspicious_grade_jump,False
224766,682167.212,3555782.376,1051736221_000001,1052006723_000001,1051736221,1052006723,footway,footway,,,,,False,False,False,False,0.0,-1.0,88.01102052722426,False,suspicious_grade_jump,False
224766,682167.212,3555782.376,1051736221_000002,1052006723_000001,1051736221,1052006723,footway,footway,,,,,False,False,False,False,0.0,-1.0,91.98091047652228,False,suspicious_grade_jump,False
224767,682151.993,3555813.157,1051736222_000001,1052006723_000002,1051736222,1052006723,footway,footway,,,,,False,False,False,False,0.0,-1.0,91.05526682520085,False,suspicious_grade_jump,False
224767,682151.993,3555813.157,1051736222_000002,1052006723_000002,1051736222,1052006723,footway,footway,,,,,False,False,False,False,0.0,-1.0,88.94038190484103,False,suspicious_grade_jump,False
224812,682306.351,3555541.384,1051736253_000002,1051736254_000001,1051736253,1051736254,footway,steps,,,,,False,False,False,False,0.0,1.0,89.88351039607439,False,suspicious_grade_jump,False
224812,682306.351,3555541.384,1051736253_000003,1051736254_000001,1051736253,1051736254,footway,steps,,,,,False,False,False,False,0.0,1.0,90.11834511293867,False,suspicious_grade_jump,False
224816,682311.812,3555529.515,1051736255_000002,1051736258_000001,1051736255,1051736258,footway,footway,,,,,False,False,False,False,0.0,1.0,57.50831044963952,False,suspicious_grade_jump,False
224816,682311.812,3555529.515,1051736256_000001,1051736258_000001,1051736256,1051736258,footway,footway,,,,,False,False,False,False,0.0,1.0,126.17261310034554,False,suspicious_grade_jump,False
224820,682353.101,3555486.614,1051736258_000002,1051736260_000001,1051736258,1051736260,footway,footway,,,,,False,False,False,False,1.0,0.0,99.41448907615523,False,suspicious_grade_jump,False
224820,682353.101,3555486.614,1051736258_000002,1051736260_000002,1051736258,1051736260,footway,footway,,,,,False,False,False,False,1.0,0.0,80.58389961661888,False,suspicious_grade_jump,False
225169,662097.658,3542038.689,1052208178_000001,1052208184_000001,1052208178,1052208184,footway,footway,,,,,False,False,False,False,0.0,-1.0,82.90072373523401,False,suspicious_grade_jump,False
225169,662097.658,3542038.689,1052208178_000002,1052208184_000001,1052208178,1052208184,footway,footway,,,,,False,False,False,False,0.0,-1.0,97.15095812097196,False,suspicious_grade_jump,False
225191,662099.66,3542067.952,1052208184_000003,1052208185_000001,1052208184,1052208185,footway,footway,,,,,False,False,False,False,-1.0,0.0,66.46701225009389,False,suspicious_grade_jump,False
225191,662099.66,3542067.952,1052208184_000003,1080160738_000001,1052208184,1080160738,footway,footway,,,,,False,False,False,False,-1.0,0.0,53.126414974408114,False,suspicious_grade_jump,False
225460,669131.981,3534885.651,1052922366_000001,1052922368_000005,1052922366,1052922368,footway,footway,南区人行隧道,,,,False,False,True,False,-1.0,0.0,86.5387858724932,False,suspicious_grade_jump,False
225466,669033.098,3534864.733,1052922366_000006,1052922367_000001,1052922366,1052922367,footway,footway,南区人行隧道,,,,False,False,True,False,-1.0,0.0,91.76205175316207,False,suspicious_grade_jump,False
225669,669092.695,3535225.219,1052998613_000001,1052998614_000001,1052998613,1052998614,footway,footway,,,,,False,True,False,False,0.0,1.0,99.66493754471735,False,suspicious_grade_jump,False
225675,669179.394,3535212.446,1052998615_000002,1053260283_000002,1052998615,1053260283,footway,service,,,,,True,False,False,False,1.0,0.0,93.09446864004693,False,suspicious_grade_jump,False
225675,669179.394,3535212.446,1052998615_000002,1053260283_000003,1052998615,1053260283,footway,service,,,,,True,False,False,False,1.0,0.0,86.63949048418962,False,suspicious_grade_jump,False
225675,669179.394,3535212.446,1052998615_000002,1053605803_000001,1052998615,1053605803,footway,footway,,,,,True,False,False,False,1.0,0.0,137.79592271681804,False,suspicious_grade_jump,False
226996,663782.699,3553068.29,1056187644_000001,1431072524_000001,1056187644,1431072524,footway,footway,,,,,False,True,False,False,0.0,1.0,68.46691668286732,False,suspicious_grade_jump,False
227332,662641.096,3556582.57,1056199966_000001,1117010914_000001,1056199966,1117010914,footway,footway,,,,,False,False,True,False,-1.0,0.0,86.7193207696893,False,suspicious_grade_jump,False
227337,662083.877,3557263.74,1056199970_000001,1093611753_000001,1056199970,1093611753,footway,steps,,,,,False,False,True,False,-1.0,0.0,89.58680106621652,False,suspicious_grade_jump,False
227337,662083.877,3557263.74,1056199970_000001,1093611753_000002,1056199970,1093611753,footway,steps,,,,,False,False,True,False,-1.0,0.0,89.97415306561874,False,suspicious_grade_jump,False
227339,662031.309,3557209.55,1056199970_000002,1093611752_000001,1056199970,1093611752,footway,steps,,,,,False,False,True,False,-1.0,0.0,91.23487018970204,False,suspicious_grade_jump,False
227339,662031.309,3557209.55,1056199970_000002,1093611752_000002,1056199970,1093611752,footway,steps,,,,,False,False,True,False,-1.0,0.0,87.88430025765912,False,suspicious_grade_jump,False
228015,672096.101,3530047.139,1056927524_000002,1056927533_000003,1056927524,1056927533,footway,footway,,,,,False,False,False,False,0.0,-1.0,90.3858351249179,False,suspicious_grade_jump,False
228015,672096.101,3530047.139,1056927524_000002,1056927533_000004,1056927524,1056927533,footway,footway,,,,,False,False,False,False,0.0,-1.0,89.63828727765397,False,suspicious_grade_jump,False
228015,672096.101,3530047.139,1056927524_000003,1056927533_000003,1056927524,1056927533,footway,footway,,,,,False,False,False,False,0.0,-1.0,89.62917312840318,False,suspicious_grade_jump,False
228015,672096.101,3530047.139,1056927524_000003,1056927533_000004,1056927524,1056927533,footway,footway,,,,,False,False,False,False,0.0,-1.0,90.34670446902494,False,suspicious_grade_jump,False
228022,672137.915,3530093.053,1056927528_000004,1056927529_000001,1056927528,1056927529,footway,service,,,,,False,False,False,False,-1.0,0.0,91.62195393410988,False,suspicious_grade_jump,False
228022,672137.915,3530093.053,1056927528_000004,1056927529_000002,1056927528,1056927529,footway,service,,,,,False,False,False,False,-1.0,0.0,88.37977920180842,False,suspicious_grade_jump,False
228335,660515.613,3566370.038,1057165381_000016,1425305109_000001,1057165381,1425305109,service,service,,,,,False,True,False,False,0.0,1.0,88.732466965846,False,suspicious_grade_jump,False
228417,661674.982,3564467.203,1057168422_000007,1498513300_000001,1057168422,1498513300,service,footway,,,,,False,False,False,True,0.0,-1.0,86.8114380223354,False,suspicious_grade_jump,False
228417,661674.982,3564467.203,1057168422_000008,1498513300_000001,1057168422,1498513300,service,footway,,,,,False,False,False,True,0.0,-1.0,93.2078630925864,False,suspicious_grade_jump,False
229067,654963.425,3544624.036,1057594131_000001,1057594138_000001,1057594131,1057594138,footway,steps,,,,,True,False,False,False,1.0,1.0,87.30977369909739,False,suspicious_grade_jump,False
229067,654963.425,3544624.036,1057594131_000001,1057594138_000002,1057594131,1057594138,footway,steps,,,,,True,False,False,False,1.0,1.0,92.37888199642363,False,suspicious_grade_jump,False
229070,654877.002,3544686.54,1057594131_000003,1057594137_000001,1057594131,1057594137,footway,steps,,,,,True,False,False,False,1.0,1.0,90.04339232497945,False,suspicious_grade_jump,False
229070,654877.002,3544686.54,1057594131_000003,1057594137_000002,1057594131,1057594137,footway,steps,,,,,True,False,False,False,1.0,1.0,87.75661252077359,False,suspicious_grade_jump,False
229482,657662.293,3553419.102,1057600150_000053,1512831449_000026,1057600150,1512831449,tertiary,residential,荣悦路,,,,False,False,False,False,0.0,-1.0,94.85517611334802,False,suspicious_grade_jump,False
229482,657662.293,3553419.102,1057600150_000054,1512831449_000026,1057600150,1512831449,tertiary,residential,荣悦路,,,,False,False,False,False,0.0,-1.0,85.18750539290832,False,suspicious_grade_jump,False
229594,661511.989,3554299.183,1057633888_000001,1057633889_000001,1057633888,1057633889,service,service,,,,,True,False,False,False,1.0,0.0,125.05679501486355,False,suspicious_grade_jump,False
230853,650973.404,3546954.398,1058304556_000013,1058304557_000001,1058304556,1058304557,footway,footway,,,,,False,True,False,False,0.0,1.0,93.47279997619644,False,suspicious_grade_jump,False
230854,650992.197,3546972.951,1058304557_000001,1058304558_000001,1058304557,1058304558,footway,footway,,,,,True,False,False,False,1.0,0.0,63.200678474032614,False,suspicious_grade_jump,False
231588,669010.439,3546862.134,1061577699_000008,1083375781_000001,1061577699,1083375781,footway,footway,,,,,False,False,False,False,0.0,-1.0,46.64391570530778,False,suspicious_grade_jump,False
233253,681999.359,3539798.817,1065513611_000001,1065513614_000074,1065513611,1065513614,residential,residential,,,,,True,False,False,False,1.0,0.0,72.89302294587148,False,suspicious_grade_jump,False
233337,682437.788,3540378.042,1065513614_000051,1265078045_000001,1065513614,1265078045,residential,unclassified,,,,,False,True,False,False,0.0,1.0,88.3997235292266,False,suspicious_grade_jump,False
233337,682437.788,3540378.042,1065513614_000052,1265078045_000001,1065513614,1265078045,residential,unclassified,,,,,False,True,False,False,0.0,1.0,91.58763571956037,False,suspicious_grade_jump,False
233444,683113.406,3541685.966,1065518771_000001,1265078054_000001,1065518771,1265078054,residential,unclassified,,,,,True,False,False,False,1.0,0.0,90.89674640159464,False,suspicious_grade_jump,False
235657,661647.219,3540998.92,1076564405_000009,1081649886_000010,1076564405,1081649886,residential,residential,,,,,False,False,False,False,0.0,-1.0,144.76579109467008,False,suspicious_grade_jump,False
235657,661647.219,3540998.92,1076564405_000010,1081649886_000001,1076564405,1081649886,residential,residential,,,,,False,False,False,False,0.0,-1.0,139.10902666262734,False,suspicious_grade_jump,False
235836,660552.052,3541142.526,1079466426_000001,1079466427_000001,1079466426,1079466427,steps,footway,,,,,False,True,False,False,0.0,1.0,86.04564034346464,False,suspicious_grade_jump,False
236048,660820.51,3541712.253,1079936739_000006,1079936740_000001,1079936739,1079936740,footway,footway,,,,,False,True,False,False,0.0,1.0,97.79498644267485,False,suspicious_grade_jump,False
236058,660567.382,3541160.488,1079936743_000001,1079936744_000001,1079936743,1079936744,steps,footway,,,,,False,True,False,False,0.0,1.0,88.73525741118898,False,suspicious_grade_jump,False
236133,669411.424,3534607.921,1080174303_000001,1463735958_000008,1080174303,1463735958,footway,footway,,,,,False,False,False,False,-1.0,0.0,89.78518745681347,False,suspicious_grade_jump,False
236133,669411.424,3534607.921,1080174303_000001,1463735958_000009,1080174303,1463735958,footway,footway,,,,,False,False,False,False,-1.0,0.0,179.99999914622634,False,suspicious_grade_jump,False
236133,669411.424,3534607.921,1080174303_000001,SNAP_SP0000097_000001,1080174303,SNAP_SP0000097,footway,topology_connector,,,,,False,False,False,False,-1.0,0.0,89.78518745681347,False,suspicious_grade_jump,False
236134,669411.263,3534609.082,1080174303_000001,1463735958_000009,1080174303,1463735958,footway,footway,,,,,False,False,False,False,-1.0,0.0,179.99999914622634,False,suspicious_grade_jump,False
236134,669411.263,3534609.082,1080174303_000001,1463735959_000008,1080174303,1463735959,footway,footway,,,,,False,False,False,False,-1.0,0.0,91.03247135676833,False,suspicious_grade_jump,False
236134,669411.263,3534609.082,1080174303_000002,1463735958_000010,1080174303,1463735958,footway,footway,,,,,False,False,False,False,-1.0,0.0,180.0,False,suspicious_grade_jump,False
236134,669411.263,3534609.082,1080174303_000002,1463735959_000008,1080174303,1463735959,footway,footway,,,,,False,False,False,False,-1.0,0.0,88.62827396742512,False,suspicious_grade_jump,False
236135,669411.122,3534610.145,1080174303_000002,1463735958_000010,1080174303,1463735958,footway,footway,,,,,False,False,False,False,-1.0,0.0,180.0,False,suspicious_grade_jump,False
236135,669411.122,3534610.145,1080174303_000002,1463735960_000008,1080174303,1463735960,footway,footway,,,,,False,False,False,False,-1.0,0.0,90.56417048051726,False,suspicious_grade_jump,False
236135,669411.122,3534610.145,1080174303_000002,SNAP_SP0000452_000001,1080174303,SNAP_SP0000452,footway,topology_connector,,,,,False,False,False,False,-1.0,0.0,179.99296762044673,False,suspicious_grade_jump,False
236135,669411.122,3534610.145,1080174303_000003,1463735958_000011,1080174303,1463735958,footway,footway,,,,,False,False,False,False,-1.0,0.0,180.0,False,suspicious_grade_jump,False
236135,669411.122,3534610.145,1080174303_000003,1463735960_000008,1080174303,1463735960,footway,footway,,,,,False,False,False,False,-1.0,0.0,89.46752743454346,False,suspicious_grade_jump,False
236135,669411.122,3534610.145,1080174303_000003,SNAP_SP0000455_000001,1080174303,SNAP_SP0000455,footway,topology_connector,,,,,False,False,False,False,-1.0,0.0,180.0,False,suspicious_grade_jump,False
236136,669410.982,3534611.196,1080174303_000003,1463735958_000011,1080174303,1463735958,footway,footway,,,,,False,False,False,False,-1.0,0.0,180.0,False,suspicious_grade_jump,False
236136,669410.982,3534611.196,1080174303_000003,1463735961_000008,1080174303,1463735961,footway,footway,,,,,False,False,False,False,-1.0,0.0,91.41142654515771,False,suspicious_grade_jump,False
236136,669410.982,3534611.196,1080174303_000003,SNAP_SP0000455_000001,1080174303,SNAP_SP0000455,footway,topology_connector,,,,,False,False,False,False,-1.0,0.0,180.0,False,suspicious_grade_jump,False
236136,669410.982,3534611.196,1080174303_000004,1463735958_000012,1080174303,1463735958,footway,footway,,,,,False,False,False,False,-1.0,0.0,180.0,False,suspicious_grade_jump,False
236136,669410.982,3534611.196,1080174303_000004,1463735961_000008,1080174303,1463735961,footway,footway,,,,,False,False,False,False,-1.0,0.0,88.83152943478667,False,suspicious_grade_jump,False
236136,669410.982,3534611.196,1080174303_000004,SNAP_SP0000459_000001,1080174303,SNAP_SP0000459,footway,topology_connector,,,,,False,False,False,False,-1.0,0.0,180.0,False,suspicious_grade_jump,False
236137,669410.842,3534612.214,1080174303_000004,1463735958_000012,1080174303,1463735958,footway,footway,,,,,False,False,False,False,-1.0,0.0,180.0,False,suspicious_grade_jump,False
236137,669410.842,3534612.214,1080174303_000004,1463735962_000008,1080174303,1463735962,footway,footway,,,,,False,False,False,False,-1.0,0.0,90.38158376652244,False,suspicious_grade_jump,False
236137,669410.842,3534612.214,1080174303_000004,SNAP_SP0000459_000001,1080174303,SNAP_SP0000459,footway,topology_connector,,,,,False,False,False,False,-1.0,0.0,180.0,False,suspicious_grade_jump,False
236137,669410.842,3534612.214,1080174303_000005,1463735958_000013,1080174303,1463735958,footway,footway,,,,,False,False,False,False,-1.0,0.0,180.0,False,suspicious_grade_jump,False
236137,669410.842,3534612.214,1080174303_000005,1463735962_000008,1080174303,1463735962,footway,footway,,,,,False,False,False,False,-1.0,0.0,89.51150894162417,False,suspicious_grade_jump,False
236137,669410.842,3534612.214,1080174303_000005,SNAP_SP0000463_000001,1080174303,SNAP_SP0000463,footway,topology_connector,,,,,False,False,False,False,-1.0,0.0,180.0,False,suspicious_grade_jump,False
236138,669410.692,3534613.32,1080174303_000005,1463735958_000013,1080174303,1463735958,footway,footway,,,,,False,False,False,False,-1.0,0.0,180.0,False,suspicious_grade_jump,False
236138,669410.692,3534613.32,1080174303_000005,1463735963_000008,1080174303,1463735963,footway,footway,,,,,False,False,False,False,-1.0,0.0,91.27537785575069,False,suspicious_grade_jump,False
236138,669410.692,3534613.32,1080174303_000005,SNAP_SP0000463_000001,1080174303,SNAP_SP0000463,footway,topology_connector,,,,,False,False,False,False,-1.0,0.0,180.0,False,suspicious_grade_jump,False
236138,669410.692,3534613.32,1080174303_000006,1463735958_000014,1080174303,1463735958,footway,footway,,,,,False,False,False,False,-1.0,0.0,179.99999914622634,False,suspicious_grade_jump,False
236138,669410.692,3534613.32,1080174303_000006,1463735963_000008,1080174303,1463735963,footway,footway,,,,,False,False,False,False,-1.0,0.0,88.93779489912511,False,suspicious_grade_jump,False
236138,669410.692,3534613.32,1080174303_000006,SNAP_SP0000467_000001,1080174303,SNAP_SP0000467,footway,topology_connector,,,,,False,False,False,False,-1.0,0.0,179.99999914622634,False,suspicious_grade_jump,False
236139,669410.53,3534614.482,1080174303_000006,1463735958_000014,1080174303,1463735958,footway,footway,,,,,False,False,False,False,-1.0,0.0,179.99999914622634,False,suspicious_grade_jump,False
236139,669410.53,3534614.482,1080174303_000006,1463735964_000008,1080174303,1463735964,footway,footway,,,,,False,False,False,False,-1.0,0.0,90.30749361025597,False,suspicious_grade_jump,False
236139,669410.53,3534614.482,1080174303_000006,SNAP_SP0000467_000001,1080174303,SNAP_SP0000467,footway,topology_connector,,,,,False,False,False,False,-1.0,0.0,179.99999914622634,False,suspicious_grade_jump,False
236139,669410.53,3534614.482,1080174303_000007,1463735958_000015,1080174303,1463735958,footway,footway,,,,,False,False,False,False,-1.0,0.0,179.99999879258172,False,suspicious_grade_jump,False
236139,669410.53,3534614.482,1080174303_000007,1463735964_000008,1080174303,1463735964,footway,footway,,,,,False,False,False,False,-1.0,0.0,89.19210994736699,False,suspicious_grade_jump,False
236139,669410.53,3534614.482,1080174303_000007,SNAP_SP0000471_000001,1080174303,SNAP_SP0000471,footway,topology_connector,,,,,False,False,False,False,-1.0,0.0,179.9434304461854,False,suspicious_grade_jump,False
236140,669410.4,3534615.478,1080174303_000007,1463735958_000015,1080174303,1463735958,footway,footway,,,,,False,False,False,False,-1.0,0.0,179.99999879258172,False,suspicious_grade_jump,False
236140,669410.4,3534615.478,1080174303_000007,1463735966_000008,1080174303,1463735966,footway,footway,,,,,False,False,False,False,-1.0,0.0,90.8804739757564,False,suspicious_grade_jump,False
236140,669410.4,3534615.478,1080174303_000008,1463735958_000016,1080174303,1463735958,footway,footway,,,,,False,False,False,False,-1.0,0.0,180.0,False,suspicious_grade_jump,False
236140,669410.4,3534615.478,1080174303_000008,1463735966_000008,1080174303,1463735966,footway,footway,,,,,False,False,False,False,-1.0,0.0,89.68143612181436,False,suspicious_grade_jump,False
236141,669410.229,3534616.695,1080174303_000008,1463735958_000016,1080174303,1463735958,footway,footway,,,,,False,False,False,False,-1.0,0.0,180.0,False,suspicious_grade_jump,False
236141,669410.229,3534616.695,1080174303_000008,1463735967_000008,1080174303,1463735967,footway,footway,,,,,False,False,False,False,-1.0,0.0,91.22068954333584,False,suspicious_grade_jump,False
236141,669410.229,3534616.695,1080174303_000008,SNAP_SP0000475_000001,1080174303,SNAP_SP0000475,footway,topology_connector,,,,,False,False,False,False,-1.0,0.0,179.95383720779228,False,suspicious_grade_jump,False
236141,669410.229,3534616.695,1080174303_000009,1463735958_000017,1080174303,1463735958,footway,footway,,,,,False,False,False,False,-1.0,0.0,180.0,False,suspicious_grade_jump,False
236141,669410.229,3534616.695,1080174303_000009,1463735967_000008,1080174303,1463735967,footway,footway,,,,,False,False,False,False,-1.0,0.0,88.36857535850375,False,suspicious_grade_jump,False
236141,669410.229,3534616.695,1080174303_000009,SNAP_SP0000479_000001,1080174303,SNAP_SP0000479,footway,topology_connector,,,,,False,False,False,False,-1.0,0.0,180.0,False,suspicious_grade_jump,False
236142,669410.089,3534617.746,1080174303_000009,1463735958_000017,1080174303,1463735958,footway,footway,,,,,False,False,False,False,-1.0,0.0,180.0,False,suspicious_grade_jump,False
236142,669410.089,3534617.746,1080174303_000009,1463735968_000008,1080174303,1463735968,footway,footway,,,,,False,False,False,False,-1.0,0.0,90.75247456148843,False,suspicious_grade_jump,False
236142,669410.089,3534617.746,1080174303_000009,SNAP_SP0000479_000001,1080174303,SNAP_SP0000479,footway,topology_connector,,,,,False,False,False,False,-1.0,0.0,180.0,False,suspicious_grade_jump,False
236142,669410.089,3534617.746,1080174303_000010,1463735958_000018,1080174303,1463735958,footway,footway,,,,,False,False,False,False,-1.0,0.0,180.0,False,suspicious_grade_jump,False
236142,669410.089,3534617.746,1080174303_000010,1463735968_000008,1080174303,1463735968,footway,footway,,,,,False,False,False,False,-1.0,0.0,89.5830162123911,False,suspicious_grade_jump,False
236142,669410.089,3534617.746,1080174303_000010,SNAP_SP0000483_000001,1080174303,SNAP_SP0000483,footway,topology_connector,,,,,False,False,False,False,-1.0,0.0,180.0,False,suspicious_grade_jump,False
236143,669409.938,3534618.831,1080174303_000010,1463735958_000018,1080174303,1463735958,footway,footway,,,,,False,False,False,False,-1.0,0.0,180.0,False,suspicious_grade_jump,False
236143,669409.938,3534618.831,1080174303_000010,1463735969_000008,1080174303,1463735969,footway,footway,,,,,False,False,False,False,-1.0,0.0,90.6003415040125,False,suspicious_grade_jump,False
236143,669409.938,3534618.831,1080174303_000010,SNAP_SP0000483_000001,1080174303,SNAP_SP0000483,footway,topology_connector,,,,,False,False,False,False,-1.0,0.0,180.0,False,suspicious_grade_jump,False
236143,669409.938,3534618.831,1080174303_000011,1463735958_000019,1080174303,1463735958,footway,footway,,,,,False,False,False,False,-1.0,0.0,180.0,False,suspicious_grade_jump,False
236143,669409.938,3534618.831,1080174303_000011,1463735969_000008,1080174303,1463735969,footway,footway,,,,,False,False,False,False,-1.0,0.0,88.83575391942243,False,suspicious_grade_jump,False
236143,669409.938,3534618.831,1080174303_000011,SNAP_SP0000487_000001,1080174303,SNAP_SP0000487,footway,topology_connector,,,,,False,False,False,False,-1.0,0.0,180.0,False,suspicious_grade_jump,False
236144,669409.798,3534619.915,1080174303_000011,1463735958_000019,1080174303,1463735958,footway,footway,,,,,False,False,False,False,-1.0,0.0,180.0,False,suspicious_grade_jump,False
236144,669409.798,3534619.915,1080174303_000011,1463735970_000008,1080174303,1463735970,footway,footway,,,,,False,False,False,False,-1.0,0.0,91.85983844556247,False,suspicious_grade_jump,False
236144,669409.798,3534619.915,1080174303_000011,SNAP_SP0000487_000001,1080174303,SNAP_SP0000487,footway,topology_connector,,,,,False,False,False,False,-1.0,0.0,180.0,False,suspicious_grade_jump,False
236144,669409.798,3534619.915,1080174303_000012,1463735958_000020,1080174303,1463735958,footway,footway,,,,,False,False,False,False,-1.0,0.0,180.0,False,suspicious_grade_jump,False
236144,669409.798,3534619.915,1080174303_000012,1463735970_000008,1080174303,1463735970,footway,footway,,,,,False,False,False,False,-1.0,0.0,88.90354390909219,False,suspicious_grade_jump,False
236144,669409.798,3534619.915,1080174303_000012,SNAP_SP0000490_000001,1080174303,SNAP_SP0000490,footway,topology_connector,,,,,False,False,False,False,-1.0,0.0,180.0,False,suspicious_grade_jump,False
236145,669409.648,3534620.966,1080174303_000012,1463735958_000020,1080174303,1463735958,footway,footway,,,,,False,False,False,False,-1.0,0.0,180.0,False,suspicious_grade_jump,False
236145,669409.648,3534620.966,1080174303_000012,1463735971_000008,1080174303,1463735971,footway,footway,,,,,False,False,False,False,-1.0,0.0,90.31549996601677,False,suspicious_grade_jump,False
236145,669409.648,3534620.966,1080174303_000012,SNAP_SP0000490_000001,1080174303,SNAP_SP0000490,footway,topology_connector,,,,,False,False,False,False,-1.0,0.0,180.0,False,suspicious_grade_jump,False
236145,669409.648,3534620.966,1080174303_000013,1463735958_000021,1080174303,1463735958,footway,footway,,,,,False,False,False,False,-1.0,0.0,180.0,False,suspicious_grade_jump,False
236145,669409.648,3534620.966,1080174303_000013,1463735971_000008,1080174303,1463735971,footway,footway,,,,,False,False,False,False,-1.0,0.0,89.26860122342204,False,suspicious_grade_jump,False
236146,669409.335,3534623.279,1080174303_000013,1463735958_000021,1080174303,1463735958,footway,footway,,,,,False,False,False,False,-1.0,0.0,180.0,False,suspicious_grade_jump,False
236146,669409.335,3534623.279,1080174303_000013,1463735958_000022,1080174303,1463735958,footway,footway,,,,,False,False,False,False,-1.0,0.0,88.87910637088493,False,suspicious_grade_jump,False
236146,669409.335,3534623.279,1080174303_000014,1463735958_000022,1080174303,1463735958,footway,footway,,,,,False,False,False,False,-1.0,0.0,91.44770792361777,False,suspicious_grade_jump,False
236147,669409.249,3534623.943,1080174303_000014,1463735972_000004,1080174303,1463735972,footway,footway,,,,,False,False,False,False,-1.0,0.0,91.23361606972843,False,suspicious_grade_jump,False
236147,669409.249,3534623.943,1080174303_000014,1463735972_000005,1080174303,1463735972,footway,footway,,,,,False,False,False,False,-1.0,0.0,88.46017905698795,False,suspicious_grade_jump,False
236147,669409.249,3534623.943,1080174303_000015,1463735972_000004,1080174303,1463735972,footway,footway,,,,,False,False,False,False,-1.0,0.0,89.33009880873298,False,suspicious_grade_jump,False
236147,669409.249,3534623.943,1080174303_000015,1463735972_000005,1080174303,1463735972,footway,footway,,,,,False,False,False,False,-1.0,0.0,90.97610606455063,False,suspicious_grade_jump,False
236148,669409.141,3534624.717,1080174303_000015,1463735973_000004,1080174303,1463735973,footway,footway,,,,,False,False,False,False,-1.0,0.0,90.60609657818968,False,suspicious_grade_jump,False
236148,669409.141,3534624.717,1080174303_000015,1463735973_000005,1080174303,1463735973,footway,footway,,,,,False,False,False,False,-1.0,0.0,89.05731069507644,False,suspicious_grade_jump,False
236148,669409.141,3534624.717,1080174303_000016,1463735973_000004,1080174303,1463735973,footway,footway,,,,,False,False,False,False,-1.0,0.0,89.06365337370039,False,suspicious_grade_jump,False
236148,669409.141,3534624.717,1080174303_000016,1463735973_000005,1080174303,1463735973,footway,footway,,,,,False,False,False,False,-1.0,0.0,91.27293935303352,False,suspicious_grade_jump,False
236149,669409.033,3534625.525,1080174303_000016,1463735974_000003,1080174303,1463735974,footway,footway,,,,,False,False,False,False,-1.0,0.0,90.93634658996224,False,suspicious_grade_jump,False
236149,669409.033,3534625.525,1080174303_000016,1463735974_000004,1080174303,1463735974,footway,footway,,,,,False,False,False,False,-1.0,0.0,88.72706061857009,False,suspicious_grade_jump,False
236149,669409.033,3534625.525,1080174303_000017,1463735974_000003,1080174303,1463735974,footway,footway,,,,,False,False,False,False,-1.0,0.0,89.43329847979766,False,suspicious_grade_jump,False
236149,669409.033,3534625.525,1080174303_000017,1463735974_000004,1080174303,1463735974,footway,footway,,,,,False,False,False,False,-1.0,0.0,90.90329431167002,False,suspicious_grade_jump,False
236150,669408.926,3534626.288,1080174303_000017,1463735975_000003,1080174303,1463735975,footway,footway,,,,,False,False,False,False,-1.0,0.0,90.66967497508122,False,suspicious_grade_jump,False
236150,669408.926,3534626.288,1080174303_000017,1463735975_000004,1080174303,1463735975,footway,footway,,,,,False,False,False,False,-1.0,0.0,89.0967057156582,False,suspicious_grade_jump,False
236150,669408.926,3534626.288,1080174303_000018,1463735975_000003,1080174303,1463735975,footway,footway,,,,,False,False,False,False,-1.0,0.0,88.92976596501227,False,suspicious_grade_jump,False
236150,669408.926,3534626.288,1080174303_000018,1463735975_000004,1080174303,1463735975,footway,footway,,,,,False,False,False,False,-1.0,0.0,91.30385334424831,False,suspicious_grade_jump,False
236151,669408.399,3534630.139,1080174303_000019,1463735957_p2_000006,1080174303,1463735957_p2,footway,footway,,,,,False,False,False,False,-1.0,0.0,90.27938549643171,False,suspicious_grade_jump,False
236151,669408.399,3534630.139,1080174303_000020,1463735957_p2_000006,1080174303,1463735957_p2,footway,footway,,,,,False,False,False,False,-1.0,0.0,179.83401513375685,False,suspicious_grade_jump,False
236151,669408.399,3534630.139,1080174303_000020,1463735957_p2_000007,1080174303,1463735957_p2,footway,footway,,,,,False,False,False,False,-1.0,0.0,89.36969473290064,False,suspicious_grade_jump,False
236152,669409.371,3534630.266,1080174303_000020,1463735953_000001,1080174303,1463735953,footway,footway,,,,,False,False,False,False,-1.0,0.0,90.23935304909693,False,suspicious_grade_jump,False
236152,669409.371,3534630.266,1080174303_000020,1463735953_000002,1080174303,1463735953,footway,footway,,,,,False,False,False,False,-1.0,0.0,89.96052951906246,False,suspicious_grade_jump,False
236152,669409.371,3534630.266,1080174303_000021,1463735953_000001,1080174303,1463735953,footway,footway,,,,,False,False,False,False,-1.0,0.0,89.70114563839034,False,suspicious_grade_jump,False
236152,669409.371,3534630.266,1080174303_000021,1463735953_000002,1080174303,1463735953,footway,footway,,,,,False,False,False,False,-1.0,0.0,90.09897179345027,False,suspicious_grade_jump,False
236153,669410.05,3534630.354,1080174303_000021,1463735954_000001,1080174303,1463735954,footway,footway,,,,,False,False,False,False,-1.0,0.0,90.58510406823764,False,suspicious_grade_jump,False
236153,669410.05,3534630.354,1080174303_000021,1463735954_000002,1080174303,1463735954,footway,footway,,,,,False,False,False,False,-1.0,0.0,90.09082385865032,False,suspicious_grade_jump,False
236153,669410.05,3534630.354,1080174303_000022,1463735954_000001,1080174303,1463735954,footway,footway,,,,,False,False,False,False,-1.0,0.0,89.81519227138874,False,suspicious_grade_jump,False
236153,669410.05,3534630.354,1080174303_000022,1463735954_000002,1080174303,1463735954,footway,footway,,,,,False,False,False,False,-1.0,0.0,89.50887980172331,False,suspicious_grade_jump,False
236154,669410.701,3534630.443,1080174303_000022,1463735955_000001,1080174303,1463735955,footway,footway,,,,,False,False,False,False,-1.0,0.0,89.45211935776666,False,suspicious_grade_jump,False
236154,669410.701,3534630.443,1080174303_000022,1463735955_000002,1080174303,1463735955,footway,footway,,,,,False,False,False,False,-1.0,0.0,89.9307799534232,False,suspicious_grade_jump,False
236154,669410.701,3534630.443,1080174303_000023,1463735955_000001,1080174303,1463735955,footway,footway,,,,,False,False,False,False,-1.0,0.0,90.69000465571955,False,suspicious_grade_jump,False
236154,669410.701,3534630.443,1080174303_000023,1463735955_000002,1080174303,1463735955,footway,footway,,,,,False,False,False,False,-1.0,0.0,89.92709603309062,False,suspicious_grade_jump,False
236155,669411.333,3534630.531,1080174303_000023,1463735956_000001,1080174303,1463735956,footway,footway,,,,,False,False,False,False,-1.0,0.0,89.69359787514023,False,suspicious_grade_jump,False
236155,669411.333,3534630.531,1080174303_000023,1463735956_000002,1080174303,1463735956,footway,footway,,,,,False,False,False,False,-1.0,0.0,90.36514920747608,False,suspicious_grade_jump,False
236155,669411.333,3534630.531,1080174303_000023,1463735957_p2_000005,1080174303,1463735957_p2,footway,footway,,,,,False,False,False,False,-1.0,0.0,89.69359787514023,False,suspicious_grade_jump,False
236155,669411.333,3534630.531,1080174303_000023,1463735957_p2_000006,1080174303,1463735957_p2,footway,footway,,,,,False,False,False,False,-1.0,0.0,179.68306582564472,False,suspicious_grade_jump,False
236155,669411.333,3534630.531,1080174303_000024,1463735956_000001,1080174303,1463735956,footway,footway,,,,,False,False,False,False,-1.0,0.0,89.95006648554221,False,suspicious_grade_jump,False
236155,669411.333,3534630.531,1080174303_000024,1463735956_000002,1080174303,1463735956,footway,footway,,,,,False,False,False,False,-1.0,0.0,89.9911864318415,False,suspicious_grade_jump,False
236155,669411.333,3534630.531,1080174303_000024,1463735957_p2_000005,1080174303,1463735957_p2,footway,footway,,,,,False,False,False,False,-1.0,0.0,89.95006648554221,False,suspicious_grade_jump,False
236176,661456.77,3541612.988,1080469134_000004,1080668709_000009,1080469134,1080668709,footway,footway,,,,,False,False,False,False,-1.0,0.0,133.9456418330594,False,suspicious_grade_jump,False
236185,661479.834,3541747.676,1080469134_000012,1080469140_000002,1080469134,1080469140,footway,footway,,,,,False,False,False,False,-1.0,0.0,112.23937789747143,False,suspicious_grade_jump,False
236185,661479.834,3541747.676,1080469134_000013,1080469140_000002,1080469134,1080469140,footway,footway,,,,,False,False,False,False,-1.0,0.0,67.70397095365178,False,suspicious_grade_jump,False
236188,661457.887,3541783.812,1080469134_000015,1080469137_000001,1080469134,1080469137,footway,footway,,,,,False,False,False,False,-1.0,0.0,126.30233770667333,False,suspicious_grade_jump,False
236188,661457.887,3541783.812,1080469134_000016,1080469137_000001,1080469134,1080469137,footway,footway,,,,,False,False,False,False,-1.0,0.0,53.679317704908726,False,suspicious_grade_jump,False
236191,661427.823,3541813.965,1080469134_000018,1080469135_000001,1080469134,1080469135,footway,footway,,,,,False,False,False,False,-1.0,0.0,151.89929756120034,False,suspicious_grade_jump,False
236262,661429.618,3541634.094,1080668709_000008,1080668710_000001,1080668709,1080668710,footway,footway,,,,,False,False,False,False,0.0,-1.0,85.7304912477779,False,suspicious_grade_jump,False
236262,661429.618,3541634.094,1080668709_000009,1080668710_000001,1080668709,1080668710,footway,footway,,,,,False,False,False,False,0.0,-1.0,94.26706761578347,False,suspicious_grade_jump,False
236353,661718.728,3540960.885,1081649884_000004,1081649888_000006,1081649884,1081649888,residential,residential,,,,,False,False,False,False,0.0,-1.0,153.96523356561173,False,suspicious_grade_jump,False
236353,661718.728,3540960.885,1081649888_000005,1081649889_000001,1081649888,1081649889,residential,residential,,,,,False,False,False,False,-1.0,0.0,76.8649814869418,False,suspicious_grade_jump,False
236353,661718.728,3540960.885,1081649888_000006,1081649889_000001,1081649888,1081649889,residential,residential,,,,,False,False,False,False,-1.0,0.0,53.697244571418146,False,suspicious_grade_jump,False
236376,662248.681,3541294.704,1081964181_000003,1081964197_000009,1081964181,1081964197,footway,footway,,,,,False,True,False,False,-1.0,1.0,67.88743758556826,False,suspicious_grade_jump,False
236376,662248.681,3541294.704,1081964181_000004,1081964197_000009,1081964181,1081964197,footway,footway,,,,,False,True,False,False,-1.0,1.0,112.13886070835805,False,suspicious_grade_jump,False
237303,669006.009,3546871.265,1083375781_000001,1083375801_000001,1083375781,1083375801,footway,footway,,,,,False,False,False,False,-1.0,0.0,80.67546181549643,False,suspicious_grade_jump,False
237303,669006.009,3546871.265,1083375781_000002,1083375801_000001,1083375781,1083375801,footway,footway,,,,,False,False,False,False,-1.0,0.0,99.39139873610004,False,suspicious_grade_jump,False
237305,669011.746,3546904.097,1083375781_000003,1083375788_000001,1083375781,1083375788,footway,footway,,,,,False,False,False,False,-1.0,0.0,91.1873915178301,False,suspicious_grade_jump,False
237305,669011.746,3546904.097,1083375781_000004,1083375788_000001,1083375781,1083375788,footway,footway,,,,,False,False,False,False,-1.0,0.0,88.80910877770681,False,suspicious_grade_jump,False
237307,669025.745,3546967.84,1083375781_000005,1083375785_000001,1083375781,1083375785,footway,footway,,,,,False,False,False,False,-1.0,0.0,92.23843619468524,False,suspicious_grade_jump,False
237307,669025.745,3546967.84,1083375781_000006,1083375785_000001,1083375781,1083375785,footway,footway,,,,,False,False,False,False,-1.0,0.0,87.76347966189857,False,suspicious_grade_jump,False
237308,669029.495,3546984.914,1083375781_000006,1083375786_000001,1083375781,1083375786,footway,footway,,,,,False,False,False,False,-1.0,0.0,91.45330639690208,False,suspicious_grade_jump,False
237308,669029.495,3546984.914,1083375781_000007,1083375786_000001,1083375781,1083375786,footway,footway,,,,,False,False,False,False,-1.0,0.0,88.55617150672471,False,suspicious_grade_jump,False
237309,669033.588,3547003.535,1083375781_000007,1083375787_000001,1083375781,1083375787,footway,footway,,,,,False,False,False,False,-1.0,0.0,91.26783552199987,False,suspicious_grade_jump,False
237309,669033.588,3547003.535,1083375781_000008,1083375787_000001,1083375781,1083375787,footway,footway,,,,,False,False,False,False,-1.0,0.0,88.71844619800194,False,suspicious_grade_jump,False
237321,668952.99,3546971.092,1083375792_000002,1083375794_000001,1083375792,1083375794,footway,footway,,,,,False,False,False,False,0.0,-1.0,91.60671170330328,False,suspicious_grade_jump,False
238629,662848.753,3559284.896,1090905820_000001,1090905821_000001,1090905820,1090905821,service,service,,,,,False,True,False,False,0.0,1.0,84.65452587628896,False,suspicious_grade_jump,False
239204,650400.151,3548969.257,1092014623_000002,1092014624_000001,1092014623,1092014624,footway,footway,,,,,False,True,False,False,0.0,1.0,87.49490836052433,False,suspicious_grade_jump,False
239207,650415.219,3548984.737,1092014625_000002,1092014626_000001,1092014625,1092014626,footway,path,,,,,False,True,False,False,0.0,0.0,85.05892643656237,False,suspicious_grade_jump,False
239213,650474.25,3549051.997,1092014626_000006,1092014627_000001,1092014626,1092014627,path,footway,,,,,True,False,False,False,0.0,0.0,53.907259463430016,False,suspicious_grade_jump,False
239325,650514.276,3548712.732,1092016741_000004,1092016742_000001,1092016741,1092016742,footway,footway,,,,,False,True,False,False,0.0,1.0,86.04536622669501,False,suspicious_grade_jump,False
239325,650514.276,3548712.732,1092016741_000005,1092016742_000001,1092016741,1092016742,footway,footway,,,,,False,True,False,False,0.0,1.0,84.30030432988995,False,suspicious_grade_jump,False
239331,650534.83,3548730.168,1092016742_000001,1092016743_000012,1092016742,1092016743,footway,footway,,,,,True,False,False,False,1.0,0.0,68.03202037482714,False,suspicious_grade_jump,False
239331,650534.83,3548730.168,1092016742_000001,1092016743_000013,1092016742,1092016743,footway,footway,,,,,True,False,False,False,1.0,0.0,73.78025353343097,False,suspicious_grade_jump,False
239419,654556.723,3545516.926,1092019940_000011,1092019941_000001,1092019940,1092019941,footway,path,,,,,False,True,False,False,0.0,0.0,76.76588899405627,False,suspicious_grade_jump,False
239419,654556.723,3545516.926,1092019940_000012,1092019941_000001,1092019940,1092019941,footway,path,,,,,False,True,False,False,0.0,0.0,103.24339762022355,False,suspicious_grade_jump,False
239427,654528.103,3545525.618,1092019941_000007,1092019942_000001,1092019941,1092019942,path,footway,,,,,True,False,False,False,0.0,0.0,91.25775900069493,False,suspicious_grade_jump,False
240496,667571.148,3540380.634,1094408456_000001,1094408458_000001,1094408456,1094408458,footway,footway,,,,,False,True,False,False,0.0,1.0,69.2410886088649,False,suspicious_grade_jump,False
240512,667568.637,3540385.65,1094408457_000008,1094408458_000001,1094408457,1094408458,footway,footway,,,,,False,True,False,False,0.0,1.0,47.68383072164632,False,suspicious_grade_jump,False
240763,687543.282,3548861.546,1095812932_000001,1095812934_000002,1095812932,1095812934,steps,footway,,,,,False,True,False,False,0.0,1.0,94.93386134185472,False,suspicious_grade_jump,False
240765,687569.271,3548934.116,1095812933_000001,1095812934_000001,1095812933,1095812934,steps,footway,,,,,False,True,False,False,0.0,1.0,90.82212882303119,False,suspicious_grade_jump,False
240899,665711.334,3548794.6,1096173675_000001,1096173676_000001,1096173675,1096173676,service,service,,,,,False,False,False,False,-1.0,0.0,84.12794001026757,False,suspicious_grade_jump,False
240899,665711.334,3548794.6,1096173675_000002,1096173676_000001,1096173675,1096173676,service,service,,,,,False,False,False,False,-1.0,0.0,95.89287894892811,False,suspicious_grade_jump,False
240904,665722.638,3548970.421,1096173675_000006,1096173681_000001,1096173675,1096173681,service,service,,,,,False,False,False,False,-1.0,0.0,106.64822041267209,False,suspicious_grade_jump,False
240904,665722.638,3548970.421,1096173675_000007,1096173681_000001,1096173675,1096173681,service,service,,,,,False,False,False,False,-1.0,0.0,81.80828029288325,False,suspicious_grade_jump,False
240907,665730.587,3548985.078,1096173675_000009,1096173678_000001,1096173675,1096173678,service,service,,,,,False,False,False,False,-1.0,0.0,70.7162870273239,False,suspicious_grade_jump,False
240907,665730.587,3548985.078,1096173675_000010,1096173678_000001,1096173675,1096173678,service,service,,,,,False,False,False,False,-1.0,0.0,109.28276015756614,False,suspicious_grade_jump,False
240911,665745.563,3548988.027,1096173675_000013,1096173679_000001,1096173675,1096173679,service,service,,,,,False,False,False,False,-1.0,0.0,110.54991435461247,False,suspicious_grade_jump,False
240911,665745.563,3548988.027,1096173675_000014,1096173679_000001,1096173675,1096173679,service,service,,,,,False,False,False,False,-1.0,0.0,54.62189997993576,False,suspicious_grade_jump,False
240914,665759.274,3548975.874,1096173675_000016,1096173681_000005,1096173675,1096173681,service,service,,,,,False,False,False,False,-1.0,0.0,77.799766905355,False,suspicious_grade_jump,False
240914,665759.274,3548975.874,1096173675_000017,1096173681_000005,1096173675,1096173681,service,service,,,,,False,False,False,False,-1.0,0.0,102.26521109022109,False,suspicious_grade_jump,False
241649,655693.085,3537388.846,1098994965_000010,1098994966_000001,1098994965,1098994966,footway,footway,,,,,False,True,False,False,0.0,1.0,76.37918240109883,False,suspicious_grade_jump,False
241662,655678.609,3537474.12,1098994971_000004,1098994972_000001,1098994971,1098994972,footway,footway,,,,,False,True,False,False,0.0,1.0,45.90663676321606,False,suspicious_grade_jump,False
241666,655692.196,3537493.799,1098994973_000003,1098994974_000001,1098994973,1098994974,footway,footway,,,,,False,True,False,False,0.0,1.0,62.61054142878686,False,suspicious_grade_jump,False
241672,655688.111,3537529.276,1098994979_000001,1098994981_000011,1098994979,1098994981,footway,footway,,,,,True,False,False,False,1.0,0.0,50.82884530869452,False,suspicious_grade_jump,False
243711,661347.95,3558032.996,1111488157_000001,1117010964_000001,1111488157,1117010964,footway,footway,2,,,,False,False,True,False,-1.0,0.0,91.40618621937179,False,suspicious_grade_jump,False
244556,662853.575,3555833.939,1112643080_000001,1154535356_000001,1112643080,1154535356,tertiary_link,cycleway,,,,,False,True,False,False,0.0,1.0,96.69662659951747,False,suspicious_grade_jump,False
244556,662853.575,3555833.939,1112643080_000002,1154535356_000001,1112643080,1154535356,tertiary_link,cycleway,,,,,False,True,False,False,0.0,1.0,83.31169014708193,False,suspicious_grade_jump,False
244557,662838.124,3555827.082,1112643080_000002,1154535355_000007,1112643080,1154535355,tertiary_link,cycleway,,,,,False,True,False,False,0.0,1.0,96.54047173418853,False,suspicious_grade_jump,False
244557,662838.124,3555827.082,1112643080_000003,1154535355_000007,1112643080,1154535355,tertiary_link,cycleway,,,,,False,True,False,False,0.0,1.0,83.48740712066956,False,suspicious_grade_jump,False
244725,660294.675,3555295.61,1113091637_000002,1113091638_000001,1113091637,1113091638,service,service,,,,,False,False,False,False,0.0,-1.0,92.08161271493158,False,suspicious_grade_jump,False
244734,660341.142,3555292.107,1113091637_000010,1113091638_000001,1113091637,1113091638,service,service,,,,,False,False,False,False,0.0,-1.0,95.82037042923113,False,suspicious_grade_jump,False
244734,660341.142,3555292.107,1113091637_000011,1113091638_000001,1113091637,1113091638,service,service,,,,,False,False,False,False,0.0,-1.0,84.17452683279255,False,suspicious_grade_jump,False
244885,660092.013,3555242.336,1113750222_000004,1113750226_000007,1113750222,1113750226,service,service,,,,,False,False,False,False,0.0,-1.0,70.5840292905902,False,suspicious_grade_jump,False
244885,660092.013,3555242.336,1113750222_000005,1113750226_000007,1113750222,1113750226,service,service,,,,,False,False,False,False,0.0,-1.0,109.41212205060948,False,suspicious_grade_jump,False
244906,660205.459,3555106.882,1113750223_000011,1113750226_000001,1113750223,1113750226,service,service,,,,,False,False,False,False,0.0,-1.0,81.14715450852142,False,suspicious_grade_jump,False
244914,660211.129,3555149.521,1113750226_000001,1113750227_000001,1113750226,1113750227,service,service,,,,,False,False,False,False,-1.0,0.0,99.55130745563466,False,suspicious_grade_jump,False
244914,660211.129,3555149.521,1113750226_000002,1113750227_000001,1113750226,1113750227,service,service,,,,,False,False,False,False,-1.0,0.0,80.44630064664538,False,suspicious_grade_jump,False
244915,660215.676,3555183.704,1113750226_000002,1113750228_000001,1113750226,1113750228,service,service,,,,,False,False,False,False,-1.0,0.0,98.47933237286175,False,suspicious_grade_jump,False
244915,660215.676,3555183.704,1113750226_000003,1113750228_000001,1113750226,1113750228,service,service,,,,,False,False,False,False,-1.0,0.0,81.50607986115918,False,suspicious_grade_jump,False
245575,661135.193,3556804.422,1115740594_000001,1115740597_000012,1115740594,1115740597,service,service,,,,,False,False,False,False,0.0,-1.0,82.86824355234008,False,suspicious_grade_jump,False
245575,661135.193,3556804.422,1115740594_000002,1115740597_000012,1115740594,1115740597,service,service,,,,,False,False,False,False,0.0,-1.0,79.11024079837189,False,suspicious_grade_jump,False
245595,661224.117,3556794.799,1115740595_000003,1115740597_000004,1115740595,1115740597,service,service,,,,,False,False,False,False,0.0,-1.0,89.40234122932243,False,suspicious_grade_jump,False
245595,661224.117,3556794.799,1115740595_000003,1115740597_000005,1115740595,1115740597,service,service,,,,,False,False,False,False,0.0,-1.0,89.85871886773462,False,suspicious_grade_jump,False
245595,661224.117,3556794.799,1115740595_000004,1115740597_000004,1115740595,1115740597,service,service,,,,,False,False,False,False,0.0,-1.0,90.59928299659855,False,suspicious_grade_jump,False
245595,661224.117,3556794.799,1115740595_000004,1115740597_000005,1115740595,1115740597,service,service,,,,,False,False,False,False,0.0,-1.0,90.1396569063444,False,suspicious_grade_jump,False
245609,661224.053,3556785.139,1115740596_000003,1115740597_000003,1115740596,1115740597,service,service,,,,,False,False,False,False,0.0,-1.0,90.25241373581578,False,suspicious_grade_jump,False
245609,661224.053,3556785.139,1115740596_000003,1115740597_000004,1115740596,1115740597,service,service,,,,,False,False,False,False,0.0,-1.0,91.06690545229111,False,suspicious_grade_jump,False
245609,661224.053,3556785.139,1115740596_000004,1115740597_000003,1115740596,1115740597,service,service,,,,,False,False,False,False,0.0,-1.0,89.74799953656161,False,suspicious_grade_jump,False
245609,661224.053,3556785.139,1115740596_000004,1115740597_000004,1115740596,1115740597,service,service,,,,,False,False,False,False,0.0,-1.0,88.93268127533155,False,suspicious_grade_jump,False
245621,661220.273,3556657.695,1115740597_000001,1115740599_000004,1115740597,1115740599,service,service,,,,,False,False,False,False,-1.0,0.0,118.19916786678822,False,suspicious_grade_jump,False
245621,661220.273,3556657.695,1115740597_000001,1115740599_000005,1115740597,1115740599,service,service,,,,,False,False,False,False,-1.0,0.0,61.42684835089247,False,suspicious_grade_jump,False
245626,661226.516,3556917.72,1115740597_000008,1115740599_000032,1115740597,1115740599,service,service,,,,,False,False,False,False,-1.0,0.0,89.61262040893382,False,suspicious_grade_jump,False
246421,662425.302,3555814.175,1117818777_000003,1117818795_000004,1117818777,1117818795,service,service,,,,,False,False,False,False,-1.0,0.0,113.50344178058741,False,suspicious_grade_jump,False
246423,662442.154,3555812.526,1117818777_000005,1117818778_000001,1117818777,1117818778,service,service,,,,,False,False,False,False,-1.0,0.0,93.18766761770962,False,suspicious_grade_jump,False
246423,662442.154,3555812.526,1117818777_000006,1117818778_000001,1117818777,1117818778,service,service,,,,,False,False,False,False,-1.0,0.0,86.76830183006173,False,suspicious_grade_jump,False
246502,662296.303,3555790.456,1118819669_000016,1118819692_000001,1118819669,1118819692,service,footway,,,,,False,False,False,False,0.0,-1.0,77.42044397957063,False,suspicious_grade_jump,False
246502,662296.303,3555790.456,1118819669_000017,1118819692_000001,1118819669,1118819692,service,footway,,,,,False,False,False,False,0.0,-1.0,87.27060749317778,False,suspicious_grade_jump,False
247438,667626.21,3544011.626,1126672840_000004,1524823332_000046,1126672840,1524823332,primary,service,中山南路,,,,False,False,False,False,0.0,1.0,179.99999914622634,False,suspicious_grade_jump,False
247438,667626.21,3544011.626,1126672840_000005,1524823332_000047,1126672840,1524823332,primary,service,中山南路,,,,False,False,False,False,0.0,1.0,180.0,False,suspicious_grade_jump,False
247439,667638.283,3544080.125,1126672840_000006,1524823332_000048,1126672840,1524823332,primary,service,中山南路,,,,False,False,False,False,0.0,1.0,180.0,False,suspicious_grade_jump,False
247439,667638.283,3544080.125,1126672840_000007,1524823332_000049,1126672840,1524823332,primary,service,中山南路,,,,False,False,False,False,0.0,1.0,180.0,False,suspicious_grade_jump,False
247440,667647.036,3544116.953,1126672840_000007,1524823332_000049,1126672840,1524823332,primary,service,中山南路,,,,False,False,False,False,0.0,1.0,180.0,False,suspicious_grade_jump,False
247440,667647.036,3544116.953,1126672840_000008,1524823332_000050,1126672840,1524823332,primary,service,中山南路,,,,False,False,False,False,0.0,1.0,179.99999914622634,False,suspicious_grade_jump,False
247441,667655.789,3544153.781,1126672840_000008,1524823332_000050,1126672840,1524823332,primary,service,中山南路,,,,False,False,False,False,0.0,1.0,179.99999914622634,False,suspicious_grade_jump,False
247441,667655.789,3544153.781,1126672840_000009,1524823332_000051,1126672840,1524823332,primary,service,中山南路,,,,False,False,False,False,0.0,1.0,180.0,False,suspicious_grade_jump,False
247442,667657.073,3544164.182,1126672840_000009,1524823332_000051,1126672840,1524823332,primary,service,中山南路,,,,False,False,False,False,0.0,1.0,180.0,False,suspicious_grade_jump,False
247442,667657.073,3544164.182,1126672840_000010,1524823332_000052,1126672840,1524823332,primary,service,中山南路,,,,False,False,False,False,0.0,1.0,180.0,False,suspicious_grade_jump,False
247442,667657.073,3544164.182,1444119546_000005,1524823332_000051,1444119546,1524823332,footway,service,,,,,False,False,False,False,0.0,1.0,117.48965931425495,False,suspicious_grade_jump,False
247442,667657.073,3544164.182,1444119546_000005,1524823332_000052,1444119546,1524823332,footway,service,,,,,False,False,False,False,0.0,1.0,62.51079030962642,False,suspicious_grade_jump,False
247442,667657.073,3544164.182,1444119546_000006,1524823332_000051,1444119546,1524823332,footway,service,,,,,False,False,False,False,0.0,1.0,62.404956066562335,False,suspicious_grade_jump,False
247442,667657.073,3544164.182,1444119546_000006,1524823332_000052,1444119546,1524823332,footway,service,,,,,False,False,False,False,0.0,1.0,117.5945943095563,False,suspicious_grade_jump,False
248650,648341.568,3537169.483,1154266140_000001,1154266441_000001,1154266140,1154266441,footway,footway,,,,,False,True,False,False,0.0,1.0,89.73870212872251,False,suspicious_grade_jump,False
248651,648395.876,3537123.201,1154266141_000001,1154266440_000001,1154266141,1154266440,footway,footway,,,,,False,True,False,False,0.0,1.0,90.28725466727657,False,suspicious_grade_jump,False
249810,665276.169,3531898.469,1160529807_000001,1160621557_000002,1160529807,1160621557,path,path,,,,,True,False,False,False,1.0,0.0,94.74129714313744,False,suspicious_grade_jump,False
249810,665276.169,3531898.469,1160529807_000001,1160621557_000003,1160529807,1160621557,path,path,,,,,True,False,False,False,1.0,0.0,84.38735104753746,False,suspicious_grade_jump,False
249812,665279.521,3531839.007,1160529807_000002,1160529808_000020,1160529807,1160529808,path,path,,,,,True,False,False,False,1.0,0.0,65.76876607425011,False,suspicious_grade_jump,False
250123,667406.121,3548483.126,1161981173_000001,1161981178_000001,1161981173,1161981178,footway,footway,,,,,False,False,False,False,0.0,-1.0,90.06349489258511,False,suspicious_grade_jump,False
250123,667406.121,3548483.126,1161981173_000002,1161981178_000001,1161981173,1161981178,footway,footway,,,,,False,False,False,False,0.0,-1.0,89.91873841100777,False,suspicious_grade_jump,False
250272,655528.573,3546728.009,1163313977_000005,1163313982_000003,1163313977,1163313982,footway,footway,,,,,False,True,False,False,0.0,1.0,148.4159724699714,False,suspicious_grade_jump,False
250273,655553.487,3546722.567,1163313977_000005,1163313980_000007,1163313977,1163313980,footway,footway,,,,,False,True,False,False,0.0,1.0,66.45204312635626,False,suspicious_grade_jump,False
250273,655553.487,3546722.567,1163313977_000006,1163313980_000007,1163313977,1163313980,footway,footway,,,,,False,True,False,False,0.0,1.0,113.5503691340867,False,suspicious_grade_jump,False
250869,654542.309,3550036.315,1166034011_000009,1166086185_000003,1166034011,1166086185,unclassified,service,明德南路,,,,False,False,False,False,0.0,1.0,81.32602853886331,False,suspicious_grade_jump,False
250869,654542.309,3550036.315,1166034011_000010,1166086185_000003,1166034011,1166086185,unclassified,service,明德南路,,,,False,False,False,False,0.0,1.0,98.66912518286327,False,suspicious_grade_jump,False
250932,654448.378,3549967.657,1166086185_000001,1166086186_000001,1166086185,1166086186,service,service,,,,,False,False,False,False,1.0,0.0,88.71960891111624,False,suspicious_grade_jump,False
250932,654448.378,3549967.657,1166086185_000001,1166086186_000002,1166086185,1166086186,service,service,,,,,False,False,False,False,1.0,0.0,90.6544745863111,False,suspicious_grade_jump,False
251720,684984.823,3557124.717,1176310051_000020,1388589558_000001,1176310051,1388589558,footway,footway,,,,,True,False,False,False,1.0,0.0,76.87267422964574,False,suspicious_grade_jump,False
251720,684984.823,3557124.717,1176310051_000021,1388589558_000001,1176310051,1388589558,footway,footway,,,,,True,False,False,False,1.0,0.0,81.12571373158465,False,suspicious_grade_jump,False
252016,654574.84,3550250.57,1177289279_000001,1178148449_000002,1177289279,1178148449,service,footway,,,,,False,False,False,False,0.0,-1.0,93.1398708447005,False,suspicious_grade_jump,False
252016,654574.84,3550250.57,1177289279_000002,1178148449_000002,1177289279,1178148449,service,footway,,,,,False,False,False,False,0.0,-1.0,83.97835030205279,False,suspicious_grade_jump,False
252048,654687.358,3550069.4,1177919031_000002,1177919047_000001,1177919031,1177919047,footway,footway,,,,,False,False,False,False,0.0,-1.0,89.81275757354544,False,suspicious_grade_jump,False
252048,654687.358,3550069.4,1177919031_000003,1177919047_000001,1177919031,1177919047,footway,footway,,,,,False,False,False,False,0.0,-1.0,90.14886384267419,False,suspicious_grade_jump,False
252523,668842.648,3543007.374,1183596128_000001,1436529504_000002,1183596128,1436529504,living_street,footway,,,,,False,False,False,False,-1.0,0.0,89.98730247842347,False,suspicious_grade_jump,False
252523,668842.648,3543007.374,1183596128_000001,1436529504_000003,1183596128,1436529504,living_street,footway,,,,,False,False,False,False,-1.0,0.0,90.02222386749341,False,suspicious_grade_jump,False
252523,668842.648,3543007.374,1183596128_000002,1436529504_000002,1183596128,1436529504,living_street,footway,,,,,False,False,False,False,-1.0,0.0,90.00532150141659,False,suspicious_grade_jump,False
252523,668842.648,3543007.374,1183596128_000002,1436529504_000003,1183596128,1436529504,living_street,footway,,,,,False,False,False,False,-1.0,0.0,89.98515215266656,False,suspicious_grade_jump,False
252572,656077.528,3555274.387,1186452743_000001,1186653147_000001,1186452743,1186653147,service,service,,,,,True,False,False,False,1.0,0.0,73.89642859503478,False,suspicious_grade_jump,False
253107,671593.446,3530617.903,1189841480_000003,1189841482_000030,1189841480,1189841482,service,footway,,,,,False,False,False,False,0.0,1.0,63.00883318569662,False,suspicious_grade_jump,False
253107,671593.446,3530617.903,1189841480_000003,1189841482_000031,1189841480,1189841482,service,footway,,,,,False,False,False,False,0.0,1.0,116.92846068239947,False,suspicious_grade_jump,False
253110,671637.887,3530618.237,1189841481_000003,1189841482_000003,1189841481,1189841482,service,footway,,,,,False,False,False,False,0.0,1.0,103.1415626657178,False,suspicious_grade_jump,False
253110,671637.887,3530618.237,1189841481_000003,1189841482_000004,1189841481,1189841482,service,footway,,,,,False,False,False,False,0.0,1.0,76.80865200532142,False,suspicious_grade_jump,False
255515,663713.763,3548010.942,1197016348_000001,1197016349_000001,1197016348,1197016349,footway,footway,,,,,False,True,False,False,0.0,1.0,89.8771280228172,False,suspicious_grade_jump,False
255515,663713.763,3548010.942,1197016348_000002,1197016349_000001,1197016348,1197016349,footway,footway,,,,,False,True,False,False,0.0,1.0,90.11704800506415,False,suspicious_grade_jump,False
255518,663785.973,3548012.102,1197016349_000002,1197016350_000001,1197016349,1197016350,footway,footway,,,,,True,False,False,False,1.0,0.0,91.31354676139749,False,suspicious_grade_jump,False
255518,663785.973,3548012.102,1197016349_000002,1197016350_000002,1197016349,1197016350,footway,footway,,,,,True,False,False,False,1.0,0.0,89.81792681156553,False,suspicious_grade_jump,False
255780,672477.668,3546930.111,1206400765_000015,1206400766_000001,1206400765,1206400766,footway,footway,小九寨沟溪边路,小九寨沟小桥,,,False,True,False,False,0.0,1.0,111.50922581761515,False,suspicious_grade_jump,False
255780,672477.668,3546930.111,1206400765_000016,1206400766_000001,1206400765,1206400766,footway,footway,小九寨沟溪边路,小九寨沟小桥,,,False,True,False,False,0.0,1.0,64.07872295602593,False,suspicious_grade_jump,False
259787,682465.315,3540374.741,1265078045_000001,1265078054_000049,1265078045,1265078054,unclassified,unclassified,,,,,True,False,False,False,1.0,0.0,84.8188673734853,False,suspicious_grade_jump,False
260006,672736.156,3541250.047,1266632194_000002,1266632195_000001,1266632194,1266632195,footway,footway,,,,,False,False,False,False,-1.0,0.0,152.72493156877735,False,suspicious_grade_jump,False
260007,672717.496,3541258.659,1266632194_000002,1266632195_000002,1266632194,1266632195,footway,footway,,,,,False,False,False,False,-1.0,0.0,118.79361516596336,False,suspicious_grade_jump,False
260007,672717.496,3541258.659,1266632194_000003,1266632195_000002,1266632194,1266632195,footway,footway,,,,,False,False,False,False,-1.0,0.0,90.63445218145506,False,suspicious_grade_jump,False
260008,672708.157,3541271.609,1266632194_000003,1266632231_000001,1266632194,1266632231,footway,footway,,,,,False,False,False,False,-1.0,0.0,92.7061006274153,False,suspicious_grade_jump,False
260008,672708.157,3541271.609,1266632194_000004,1266632231_000001,1266632194,1266632231,footway,footway,,,,,False,False,False,False,-1.0,0.0,87.28019855494988,False,suspicious_grade_jump,False
260010,672673.481,3541319.718,1266632194_000005,1266632212_000001,1266632194,1266632212,footway,footway,,,,,False,False,False,False,-1.0,0.0,96.01560945486108,False,suspicious_grade_jump,False
260010,672673.481,3541319.718,1266632194_000006,1266632212_000001,1266632194,1266632212,footway,footway,,,,,False,False,False,False,-1.0,0.0,84.00945835291199,False,suspicious_grade_jump,False
260035,672562.619,3541370.821,1266632202_000006,1266632204_000001,1266632202,1266632204,footway,footway,,,,,True,False,False,False,1.0,0.0,89.62399909473464,False,suspicious_grade_jump,False
260035,672562.619,3541370.821,1266632202_000007,1266632204_000001,1266632202,1266632204,footway,footway,,,,,True,False,False,False,1.0,0.0,90.39833695997504,False,suspicious_grade_jump,False
260044,672659.814,3541307.499,1266632212_000001,1266632222_000002,1266632212,1266632222,footway,footway,,,,,False,False,False,False,0.0,-1.0,97.90502267480774,False,suspicious_grade_jump,False
260044,672659.814,3541307.499,1266632212_000002,1266632222_000002,1266632212,1266632222,footway,footway,,,,,False,False,False,False,0.0,-1.0,92.25587523125523,False,suspicious_grade_jump,False
260054,672568.368,3541269.966,1266632212_000011,1266632258_000003,1266632212,1266632258,footway,footway,,,,,False,False,False,False,0.0,-1.0,85.4180723372492,False,suspicious_grade_jump,False
260054,672568.368,3541269.966,1266632212_000011,1266632258_000004,1266632212,1266632258,footway,footway,,,,,False,False,False,False,0.0,-1.0,94.59759076687658,False,suspicious_grade_jump,False
260060,672646.216,3541333.619,1266632216_000001,1266632217_000001,1266632216,1266632217,footway,footway,,,,,False,False,False,False,-1.0,0.0,90.58119697890946,False,suspicious_grade_jump,False
260060,672646.216,3541333.619,1266632216_000002,1266632217_000001,1266632216,1266632217,footway,footway,,,,,False,False,False,False,-1.0,0.0,89.35161306338891,False,suspicious_grade_jump,False
260091,672584.331,3541363.913,1266632226_000007,1266632228_000003,1266632226,1266632228,footway,footway,,,,,False,False,False,False,-1.0,0.0,154.16039250831128,False,suspicious_grade_jump,False
260105,672624.975,3541192.462,1266632231_000010,1266632258_000001,1266632231,1266632258,footway,footway,,,,,False,False,False,False,0.0,-1.0,91.54334024751529,False,suspicious_grade_jump,False
260106,672619.518,3541199.944,1266632232_000001,1266632258_000001,1266632232,1266632258,footway,footway,,,,,False,False,False,False,0.0,-1.0,90.04917256844485,False,suspicious_grade_jump,False
260106,672619.518,3541199.944,1266632232_000001,1266632258_000002,1266632232,1266632258,footway,footway,,,,,False,False,False,False,0.0,-1.0,89.90920778096172,False,suspicious_grade_jump,False
260109,672659.014,3541244.14,1266632233_000002,1266632234_000002,1266632233,1266632234,footway,footway,,,,,False,False,False,False,0.0,-1.0,88.02820559420138,False,suspicious_grade_jump,False
260109,672659.014,3541244.14,1266632233_000003,1266632234_000002,1266632233,1266632234,footway,footway,,,,,False,False,False,False,0.0,-1.0,91.98401764834185,False,suspicious_grade_jump,False
260116,672713.637,3541373.396,1266632247_000003,1266632249_000001,1266632247,1266632249,footway,footway,,,,,False,False,False,False,0.0,-1.0,97.60665573971652,False,suspicious_grade_jump,False
260116,672713.637,3541373.396,1266632247_000004,1266632249_000001,1266632247,1266632249,footway,footway,,,,,False,False,False,False,0.0,-1.0,82.39813883639282,False,suspicious_grade_jump,False
260344,668732.935,3543254.856,1266647624_000002,1436529469_000004,1266647624,1436529469,living_street,living_street,,,,,False,False,False,False,0.0,-1.0,90.44270113129303,False,suspicious_grade_jump,False
260443,672667.109,3539997.541,1268939553_000003,1537405056_000017,1268939553,1537405056,service,residential,,双麒路,,,False,False,False,False,-1.0,0.0,95.46013849977699,False,suspicious_grade_jump,False
260655,674230.17,3539839.928,1269255825_000024,1534196105_000002,1269255825,1534196105,cycleway,unclassified,,富民路,,,False,True,False,False,0.0,1.0,94.36481288700905,False,suspicious_grade_jump,False
260655,674230.17,3539839.928,1269255825_000024,1534196105_000003,1269255825,1534196105,cycleway,unclassified,,富民路,,,False,True,False,False,0.0,1.0,94.4333088945956,False,suspicious_grade_jump,False
260655,674230.17,3539839.928,1269255825_000025,1534196105_000002,1269255825,1534196105,cycleway,unclassified,,富民路,,,False,True,False,False,0.0,1.0,85.61828517966082,False,suspicious_grade_jump,False
260655,674230.17,3539839.928,1269255825_000025,1534196105_000003,1269255825,1534196105,cycleway,unclassified,,富民路,,,False,True,False,False,0.0,1.0,85.58359303873455,False,suspicious_grade_jump,False
261645,669163.924,3550505.061,1278075230_000001,1278075239_000004,1278075230,1278075239,footway,service,栈道,,,,True,False,False,False,1.0,0.0,63.128578163596224,False,suspicious_grade_jump,False
261645,669163.924,3550505.061,1278075230_000001,1278075239_000005,1278075230,1278075239,footway,service,栈道,,,,True,False,False,False,1.0,0.0,114.08357140978796,False,suspicious_grade_jump,False
261862,671046.819,3543088.071,1278673035_000006,1492492947_000002,1278673035,1492492947,tertiary,footway,响水河路,,,,False,True,False,False,0.0,1.0,91.85306757617323,False,suspicious_grade_jump,False
261862,671046.819,3543088.071,1278673035_000007,1492492947_000002,1278673035,1492492947,tertiary,footway,响水河路,,,,False,True,False,False,0.0,1.0,88.14300514202884,False,suspicious_grade_jump,False
262382,670003.203,3548949.705,1279082430_000007,1485664432_000001,1279082430,1485664432,footway,footway,,,,,True,False,False,False,1.0,0.0,128.3003262021316,False,suspicious_grade_jump,False
262834,674860.766,3546685.425,1280559445_000006,1353846194_000001,1280559445,1353846194,path,path,,,,,False,False,False,True,0.0,-1.0,53.14838845829367,False,suspicious_grade_jump,False
264159,648615.388,3557002.96,1288599167_000001,1518064141_000001,1288599167,1518064141,service,service,,,,,False,True,False,False,0.0,1.0,84.92614354577627,False,suspicious_grade_jump,False
264176,649039.231,3557280.401,1288599167_000017,1288599168_000001,1288599167,1288599168,service,service,,,,,False,True,False,False,0.0,1.0,54.58628033150237,False,suspicious_grade_jump,False
264176,649039.231,3557280.401,1288599167_000017,1288599168_000002,1288599167,1288599168,service,service,,,,,False,True,False,False,0.0,1.0,64.42633594605296,False,suspicious_grade_jump,False
264177,649060.419,3557261.906,1288599168_000001,1528152396_000016,1288599168,1528152396,service,residential,,,,,True,False,False,False,1.0,0.0,60.085341906142794,False,suspicious_grade_jump,False
264177,649060.419,3557261.906,1288599168_000001,1528152396_000017,1288599168,1528152396,service,residential,,,,,True,False,False,False,1.0,0.0,90.01062687961367,False,suspicious_grade_jump,False
264186,649074.563,3557462.254,1288599168_000011,1528152396_000001,1288599168,1528152396,service,residential,,,,,True,False,False,False,1.0,0.0,99.97799717090669,False,suspicious_grade_jump,False
265263,678935.492,3564237.055,1301040503_000002,1301040522_000001,1301040503,1301040522,service,service,,,,,False,False,False,False,0.0,-1.0,89.42258892835748,False,suspicious_grade_jump,False
265263,678935.492,3564237.055,1301040503_000003,1301040522_000001,1301040503,1301040522,service,service,,,,,False,False,False,False,0.0,-1.0,90.58751189607365,False,suspicious_grade_jump,False
265282,679072.895,3564490.1,1301040504_000003,1301040522_000009,1301040504,1301040522,service,service,,,,,False,False,False,False,0.0,-1.0,89.75959474126839,False,suspicious_grade_jump,False
267719,676808.047,3557794.214,1304588566_000009,1304588567_000001,1304588566,1304588567,service,service,,,,,False,False,False,False,0.0,1.0,90.47156143487915,False,suspicious_grade_jump,False
267719,676808.047,3557794.214,1304588566_000010,1304588567_000001,1304588566,1304588567,service,service,,,,,False,False,False,False,0.0,1.0,89.52721405262614,False,suspicious_grade_jump,False
269909,664035.882,3544741.48,1306110257_000002,1306127124_000001,1306110257,1306127124,service,steps,,,,,False,False,False,False,1.0,0.0,157.8406823411985,False,suspicious_grade_jump,False
269912,664146.49,3544692.725,1306110257_000004,1306127127_000001,1306110257,1306127127,service,service,,,,,False,False,False,False,1.0,0.0,83.72765470614793,False,suspicious_grade_jump,False
269912,664146.49,3544692.725,1306110257_000005,1306127127_000001,1306110257,1306127127,service,service,,,,,False,False,False,False,1.0,0.0,97.75292479686497,False,suspicious_grade_jump,False
269918,664146.411,3544657.692,1306110258_000002,1306127125_000002,1306110258,1306127125,cycleway,cycleway,,,,,False,True,False,False,0.0,1.0,124.9774412393494,False,suspicious_grade_jump,False
269918,664146.411,3544657.692,1306110258_000003,1306127125_000002,1306110258,1306127125,cycleway,cycleway,,,,,False,True,False,False,0.0,1.0,50.029610325339895,False,suspicious_grade_jump,False
269965,664144.791,3544687.341,1306127125_000001,1306127126_000003,1306127125,1306127126,cycleway,cycleway,,,,,True,False,False,False,1.0,0.0,73.4762305445078,False,suspicious_grade_jump,False
269965,664144.791,3544687.341,1306127125_000001,1306127126_000004,1306127125,1306127126,cycleway,cycleway,,,,,True,False,False,False,1.0,0.0,105.59477416171296,False,suspicious_grade_jump,False
273469,677439.328,3556245.839,1308450281_000009,1308450509_000003,1308450281,1308450509,service,pedestrian,,,,,False,False,False,False,0.0,-1.0,91.6573329729279,False,suspicious_grade_jump,False
273469,677439.328,3556245.839,1308450281_000009,1308450509_000004,1308450281,1308450509,service,pedestrian,,,,,False,False,False,False,0.0,-1.0,88.28825908623848,False,suspicious_grade_jump,False
273469,677439.328,3556245.839,1308450281_000010,1308450509_000003,1308450281,1308450509,service,pedestrian,,,,,False,False,False,False,0.0,-1.0,88.33659968978392,False,suspicious_grade_jump,False
273469,677439.328,3556245.839,1308450281_000010,1308450509_000004,1308450281,1308450509,service,pedestrian,,,,,False,False,False,False,0.0,-1.0,91.7178082510497,False,suspicious_grade_jump,False
276020,665859.444,3543993.141,1311220215_000001,1311220221_000002,1311220215,1311220221,service,residential,,,,,False,True,False,False,0.0,1.0,87.8042349168849,False,suspicious_grade_jump,False
276165,666152.782,3545116.061,1311398327_000001,1311398334_000004,1311398327,1311398334,footway,cycleway,,,,,False,False,False,False,1.0,0.0,96.63960830516102,False,suspicious_grade_jump,False
276165,666152.782,3545116.061,1311398327_000001,1311398334_000005,1311398327,1311398334,footway,cycleway,,,,,False,False,False,False,1.0,0.0,91.75215595298714,False,suspicious_grade_jump,False
278146,654046.532,3542531.144,1312757525_000001,1312764126_000003,1312757525,1312764126,path,service,,钟山大道,,,False,True,False,False,0.0,1.0,86.95862423991073,False,suspicious_grade_jump,False
279583,654031.07,3542543.33,1312757526_000001,1312764126_000001,1312757526,1312764126,path,service,,钟山大道,,,False,True,False,False,0.0,1.0,78.21277896314565,False,suspicious_grade_jump,False
285017,671771.161,3556911.296,1314426119_000001,1324424654_000004,1314426119,1324424654,service,service,,,,,True,False,False,False,1.0,0.0,78.25785259414933,False,suspicious_grade_jump,False
285017,671771.161,3556911.296,1314426119_000001,1324424654_000005,1314426119,1324424654,service,service,,,,,True,False,False,False,1.0,0.0,92.04618776060391,False,suspicious_grade_jump,False
287272,674177.412,3559306.111,1315755295_000001,1315755299_000006,1315755295,1315755299,service,service,,,,,True,False,False,False,0.0,0.0,54.3196177518657,False,suspicious_grade_jump,False
287791,662234.861,3564463.479,1316175147_000013,1316175148_000001,1316175147,1316175148,footway,footway,,,,,False,True,False,False,0.0,1.0,58.08688046302073,False,suspicious_grade_jump,False
287811,661558.326,3564770.106,1316175156_000001,1498513298_000001,1316175156,1498513298,service,footway,,,,,False,False,False,True,0.0,-1.0,69.00148168476439,False,suspicious_grade_jump,False
287811,661558.326,3564770.106,1316175156_000002,1498513298_000001,1316175156,1498513298,service,footway,,,,,False,False,False,True,0.0,-1.0,111.00441926770728,False,suspicious_grade_jump,False
287879,668155.727,3550725.455,1317129229_000002,1317130219_000006,1317129229,1317130219,footway,footway,,环湖路,,,True,False,False,False,0.0,0.0,86.55655011070209,False,suspicious_grade_jump,False
287879,668155.727,3550725.455,1317129229_000002,1317130219_000007,1317129229,1317130219,footway,footway,,环湖路,,,True,False,False,False,0.0,0.0,93.47605013195397,False,suspicious_grade_jump,False
288184,663826.376,3544733.666,1322887734_000001,1322887736_000001,1322887734,1322887736,steps,footway,,,,,False,False,False,True,0.0,-1.0,115.39442429171527,False,suspicious_grade_jump,False
288944,680234.507,3552278.708,1328307459_000002,1328307462_000001,1328307459,1328307462,steps,path,,,,,False,False,False,True,0.0,-1.0,92.88031833222094,False,suspicious_grade_jump,False
288944,680234.507,3552278.708,1328307459_000003,1328307462_000001,1328307459,1328307462,steps,path,,,,,False,False,False,True,0.0,-1.0,72.25891435021022,False,suspicious_grade_jump,False
288949,680266.576,3552235.735,1328307460_000002,1328307461_000001,1328307460,1328307461,steps,path,,,,,False,False,False,True,0.0,-1.0,82.09538656236988,False,suspicious_grade_jump,False
288949,680266.576,3552235.735,1328307460_000003,1328307461_000001,1328307460,1328307461,steps,path,,,,,False,False,False,True,0.0,-1.0,97.96623526706863,False,suspicious_grade_jump,False
291036,663846.977,3546049.632,1342304797_p1_000001,1342309024_000020,1342304797_p1,1342309024,footway,footway,,,,,False,False,False,False,1.0,0.0,155.87587973443286,False,suspicious_grade_jump,False
291070,663797.925,3545947.298,1342304805_000002,1342309026_000001,1342304805,1342309026,footway,footway,,,,,False,False,False,False,1.0,0.0,88.0686329834666,False,suspicious_grade_jump,False
291070,663797.925,3545947.298,1342304805_000003,1342309026_000001,1342304805,1342309026,footway,footway,,,,,False,False,False,False,1.0,0.0,91.93738965762738,False,suspicious_grade_jump,False
291784,674005.475,3546306.768,1353842755_000003,1353842757_000004,1353842755,1353842757,footway,footway,,,,,False,False,True,False,-1.0,0.0,174.36775963057428,False,suspicious_grade_jump,False
291832,668109.036,3546650.384,1353846217_000001,1524278923_000003,1353846217,1524278923,footway,footway,,,,,False,False,True,False,0.0,0.0,179.81418758660098,False,suspicious_grade_jump,False
299710,678383.978,3552621.027,1388966008_000001,1388966010_000004,1388966008,1388966010,service,service,,,,,True,False,False,False,1.0,0.0,87.70780335363288,False,suspicious_grade_jump,False
299710,678383.978,3552621.027,1388966008_000001,1388966010_000005,1388966008,1388966010,service,service,,,,,True,False,False,False,1.0,0.0,92.2950830568394,False,suspicious_grade_jump,False
299711,678369.212,3552639.366,1388966008_000001,1388966014_000005,1388966008,1388966014,service,service,,,,,True,False,False,False,1.0,0.0,93.17180361952549,False,suspicious_grade_jump,False
299711,678369.212,3552639.366,1388966008_000001,1388966014_000006,1388966008,1388966014,service,service,,,,,True,False,False,False,1.0,0.0,86.82063682384229,False,suspicious_grade_jump,False
299712,678317.416,3552571.694,1388966009_000001,1388966010_000006,1388966009,1388966010,service,service,,,,,True,False,False,False,1.0,0.0,87.20663108593796,False,suspicious_grade_jump,False
299712,678317.416,3552571.694,1388966009_000001,1388966010_000007,1388966009,1388966010,service,service,,,,,True,False,False,False,1.0,0.0,90.94730491485468,False,suspicious_grade_jump,False
299713,678301.672,3552590.904,1388966009_000001,1388966014_000007,1388966009,1388966014,service,service,,,,,True,False,False,False,1.0,0.0,93.67653784897811,False,suspicious_grade_jump,False
299713,678301.672,3552590.904,1388966009_000001,1388966014_000008,1388966009,1388966014,service,service,,,,,True,False,False,False,1.0,0.0,86.31608749378773,False,suspicious_grade_jump,False
301204,668118.967,3544662.701,1395657083_000013,1395658266_000001,1395657083,1395658266,footway,footway,,,,,False,False,False,False,0.0,-1.0,89.90196833012818,False,suspicious_grade_jump,False
301204,668118.967,3544662.701,1395657083_000014,1395658266_000001,1395657083,1395658266,footway,footway,,,,,False,False,False,False,0.0,-1.0,89.80110678328754,False,suspicious_grade_jump,False
301213,668114.015,3544627.254,1395657084_000005,1395658266_000007,1395657084,1395658266,footway,footway,,,,,False,False,False,False,0.0,-1.0,73.48142443854081,False,suspicious_grade_jump,False
301213,668114.015,3544627.254,1395657084_000006,1395658266_000007,1395657084,1395658266,footway,footway,,,,,False,False,False,False,0.0,-1.0,106.45650662166084,False,suspicious_grade_jump,False
302013,682261.035,3553468.284,1410218528_000033,1411347532_000001,1410218528,1411347532,service,footway,,,,,False,True,False,False,0.0,1.0,90.39443206976864,False,suspicious_grade_jump,False
302013,682261.035,3553468.284,1410218528_000034,1411347532_000001,1410218528,1411347532,service,footway,,,,,False,True,False,False,0.0,1.0,89.65054471587268,False,suspicious_grade_jump,False
302015,682279.696,3553480.529,1410218528_000035,1411347533_000001,1410218528,1411347533,service,footway,,,,,False,True,False,False,0.0,1.0,89.7847930165298,False,suspicious_grade_jump,False
302015,682279.696,3553480.529,1410218528_000036,1411347533_000001,1410218528,1411347533,service,footway,,,,,False,True,False,False,0.0,1.0,90.24536053396656,False,suspicious_grade_jump,False
302342,682850.394,3553740.44,1411419600_000015,1411419612_000050,1411419600,1411419612,footway,footway,,,,,True,False,False,False,1.0,0.0,81.0466753780169,False,suspicious_grade_jump,False
303535,681863.24,3552340.878,1412091331_000003,1412172565_000001,1412091331,1412172565,footway,footway,,,,,False,True,False,False,0.0,1.0,82.51859042536144,False,suspicious_grade_jump,False
303883,680746.143,3551895.965,1412731602_000007,1412731710_000006,1412731602,1412731710,footway,footway,,,,,False,True,False,False,0.0,1.0,59.456823039555566,False,suspicious_grade_jump,False
303883,680746.143,3551895.965,1412731602_000008,1412731710_000006,1412731602,1412731710,footway,footway,,,,,False,True,False,False,0.0,1.0,120.56128920191158,False,suspicious_grade_jump,False
303894,680736.066,3551775.464,1412731602_000018,1412731709_000010,1412731602,1412731709,footway,footway,,,,,False,True,False,False,0.0,1.0,90.2655739929894,False,suspicious_grade_jump,False
303894,680736.066,3551775.464,1412731602_000019,1412731709_000010,1412731602,1412731709,footway,footway,,,,,False,True,False,False,0.0,1.0,89.8446171420498,False,suspicious_grade_jump,False
303903,680819.62,3551712.068,1412731606_000001,1412731708_000006,1412731606,1412731708,footway,footway,,,,,False,True,False,False,0.0,1.0,97.06096397333201,False,suspicious_grade_jump,False
303999,680311.703,3552182.556,1412731640_000001,1412731691_p1_000020,1412731640,1412731691_p1,service,service,,,,,True,False,False,False,1.0,0.0,89.511577272498,False,suspicious_grade_jump,False
303999,680311.703,3552182.556,1412731640_000001,1412731691_p1_000021,1412731640,1412731691_p1,service,service,,,,,True,False,False,False,1.0,0.0,90.43725562349232,False,suspicious_grade_jump,False
304001,680282.562,3552226.535,1412731640_000002,1412731642_000008,1412731640,1412731642,service,primary_link,,,,,True,False,False,False,1.0,0.0,89.6831449142078,False,suspicious_grade_jump,False
304001,680282.562,3552226.535,1412731640_000002,1412731642_000009,1412731640,1412731642,service,primary_link,,,,,True,False,False,False,1.0,0.0,90.09449135396514,False,suspicious_grade_jump,False
304002,680263.812,3552214.259,1412731641_000001,1412731642_000007,1412731641,1412731642,service,primary_link,,,,,True,False,False,False,1.0,0.0,89.32808846589077,False,suspicious_grade_jump,False
304002,680263.812,3552214.259,1412731641_000001,1412731642_000008,1412731641,1412731642,service,primary_link,,,,,True,False,False,False,1.0,0.0,90.65261442138232,False,suspicious_grade_jump,False
304004,680293.176,3552170.505,1412731641_000002,1412731691_p1_000023,1412731641,1412731691_p1,service,service,,,,,True,False,False,False,1.0,0.0,89.1557147916018,False,suspicious_grade_jump,False
304004,680293.176,3552170.505,1412731641_000002,1412731691_p1_000024,1412731641,1412731691_p1,service,service,,,,,True,False,False,False,1.0,0.0,90.8232589617849,False,suspicious_grade_jump,False
304398,680794.207,3551923.824,1412731711_000029,1412731712_000032,1412731711,1412731712,footway,footway,,,,,False,True,False,False,0.0,1.0,110.27559968546822,False,suspicious_grade_jump,False
304398,680794.207,3551923.824,1412731711_000030,1412731712_000032,1412731711,1412731712,footway,footway,,,,,False,True,False,False,0.0,1.0,61.78742468510635,False,suspicious_grade_jump,False
306008,684873.214,3543892.717,1418361600_000001,1418361608_000018,1418361600,1418361608,footway,footway,,,,,False,True,False,False,0.0,0.0,94.07204079874855,False,suspicious_grade_jump,False
306008,684873.214,3543892.717,1418361600_000001,1418361608_000019,1418361600,1418361608,footway,footway,,,,,False,True,False,False,0.0,0.0,57.85105387594404,False,suspicious_grade_jump,False
306024,685078.182,3544078.666,1418361600_000016,1418361608_000031,1418361600,1418361608,footway,footway,,,,,False,True,False,False,0.0,0.0,129.90881234840498,False,suspicious_grade_jump,False
307239,678469.037,3551390.812,1419152243_000001,1419152265_000001,1419152243,1419152265,service,service,,,,,False,True,False,False,0.0,1.0,86.11944417169715,False,suspicious_grade_jump,False
307501,678521.854,3570101.709,1420189320_000002,1420189322_000001,1420189320,1420189322,footway,steps,,,,,False,False,False,False,-1.0,0.0,96.57359967512714,False,suspicious_grade_jump,False
307501,678521.854,3570101.709,1420189320_000003,1420189322_000001,1420189320,1420189322,footway,steps,,,,,False,False,False,False,-1.0,0.0,109.24220354103299,False,suspicious_grade_jump,False
307504,678482.895,3570089.853,1420189320_000005,1420189324_000001,1420189320,1420189324,footway,steps,,,,,False,False,False,False,-1.0,0.0,91.03283303095886,False,suspicious_grade_jump,False
307504,678482.895,3570089.853,1420189320_000005,1420189325_000001,1420189320,1420189325,footway,steps,,,,,False,False,False,False,-1.0,0.0,91.81205747958123,False,suspicious_grade_jump,False
308024,662332.271,3564401.574,1421104668_000001,1421104670_000004,1421104668,1421104670,steps,footway,,,,,False,True,False,False,0.0,1.0,88.88754960714422,False,suspicious_grade_jump,False
308024,662332.271,3564401.574,1421104670_000004,1422416014_000001,1421104670,1422416014,footway,footway,,,,,True,False,False,False,1.0,0.0,179.87403328895942,False,suspicious_grade_jump,False
308036,662226.049,3564423.803,1421104670_000001,1421115776_000001,1421104670,1421115776,footway,steps,,,,,True,False,False,False,1.0,0.0,94.29200930799689,False,suspicious_grade_jump,False
308037,662228.395,3564423.309,1421104670_000001,1424977471_000001,1421104670,1424977471,footway,steps,,,,,True,False,False,False,1.0,0.0,85.97961085995534,False,suspicious_grade_jump,False
308037,662228.395,3564423.309,1421104670_000002,1424977471_000001,1421104670,1424977471,footway,steps,,,,,True,False,False,False,1.0,0.0,93.947107926578,False,suspicious_grade_jump,False
308138,663064.814,3564054.821,1421111633_000005,1421111634_000001,1421111633,1421111634,footway,footway,,,,,True,False,False,False,1.0,0.0,76.37240575286184,False,suspicious_grade_jump,False
308146,663140.063,3563842.579,1421111642_000001,1502800211_000001,1421111642,1502800211,footway,footway,,,,,False,True,False,False,0.0,1.0,48.367833779665716,False,suspicious_grade_jump,False
308256,662099.467,3563548.747,1421123696_000002,1421123697_000001,1421123696,1421123697,steps,steps,,,,,True,False,False,False,0.0,0.0,84.26283343085716,False,suspicious_grade_jump,False
308256,662099.467,3563548.747,1421123696_000002,1421123698_000001,1421123696,1421123698,steps,steps,,,,,True,False,False,False,0.0,0.0,80.39911700614915,False,suspicious_grade_jump,False
308327,662642.522,3565767.318,1421294387_000002,1421543811_000001,1421294387,1421543811,footway,steps,,,,,True,False,False,False,1.0,0.0,89.38794743655507,False,suspicious_grade_jump,False
308327,662642.522,3565767.318,1421294387_000002,1422416758_000001,1421294387,1422416758,footway,footway,,,,,True,False,False,False,1.0,0.0,179.98524176267688,False,suspicious_grade_jump,False
308959,663073.621,3563759.579,1422413695_000001,1422413711_000014,1422413695,1422413711,footway,footway,,,,,True,False,False,False,1.0,0.0,145.66543270576594,False,suspicious_grade_jump,False
310244,660526.247,3566392.596,1425305106_000001,1425305109_000001,1425305106,1425305109,unclassified,service,,,,,False,True,False,False,0.0,1.0,88.91864665112602,False,suspicious_grade_jump,False
310244,660526.247,3566392.596,1425305109_000001,1425305110_000001,1425305109,1425305110,service,service,,,,,True,False,False,False,1.0,0.0,100.21332265271903,False,suspicious_grade_jump,False
310266,660345.576,3566481.078,1425305105_000001,1425305106_000005,1425305105,1425305106,unclassified,unclassified,,,,,True,False,False,False,1.0,0.0,91.7159415601515,False,suspicious_grade_jump,False
310266,660345.576,3566481.078,1425305105_000001,1425305106_000006,1425305105,1425305106,unclassified,unclassified,,,,,True,False,False,False,1.0,0.0,56.63477654538038,False,suspicious_grade_jump,False
312067,661226.979,3539301.669,1427849140_000002,1427849143_000001,1427849140,1427849143,service,service,,,,,False,False,False,False,0.0,-1.0,49.0645127818614,False,suspicious_grade_jump,False
312067,661226.979,3539301.669,1427849140_000003,1427849143_000001,1427849140,1427849143,service,service,,,,,False,False,False,False,0.0,-1.0,130.9346523148698,False,suspicious_grade_jump,False
312084,661407.396,3539408.345,1427849141_000014,1427849144_000001,1427849141,1427849144,service,service,,,,,False,False,False,False,-1.0,0.0,99.49780473938499,False,suspicious_grade_jump,False
312084,661407.396,3539408.345,1427849141_000015,1427849144_000001,1427849141,1427849144,service,service,,,,,False,False,False,False,-1.0,0.0,80.51772934585063,False,suspicious_grade_jump,False
312101,661402.091,3539297.813,1427849143_000004,1427849145_000001,1427849143,1427849145,service,service,,,,,False,False,False,False,-1.0,0.0,122.14973601980891,False,suspicious_grade_jump,False
312104,661471.538,3539373.574,1427849143_000007,1427849144_000006,1427849143,1427849144,service,service,,,,,False,False,False,False,-1.0,0.0,91.77455466955446,False,suspicious_grade_jump,False
312104,661471.538,3539373.574,1427849143_000008,1427849144_000006,1427849143,1427849144,service,service,,,,,False,False,False,False,-1.0,0.0,88.2128464626583,False,suspicious_grade_jump,False
312150,661583.474,3539328.314,1427849150_000009,1460838330_000013,1427849150,1460838330,residential,service,,,,,False,False,False,False,0.0,-1.0,85.68012013959981,False,suspicious_grade_jump,False
312150,661583.474,3539328.314,1427849150_000010,1460838330_000013,1427849150,1460838330,residential,service,,,,,False,False,False,False,0.0,-1.0,94.3198242442891,False,suspicious_grade_jump,False
312162,661217.796,3539818.4,1427849151_000011,1427965240_p1_000001,1427849151,1427965240_p1,residential,service,宜悦街,,,,False,False,False,False,0.0,-1.0,48.05085823078031,False,suspicious_grade_jump,False
312162,661217.796,3539818.4,1427849151_000012,1427965240_p1_000001,1427849151,1427965240_p1,residential,service,宜悦街,,,,False,False,False,False,0.0,-1.0,131.95343709728488,False,suspicious_grade_jump,False
312179,661367.607,3539222.616,1427849165_000001,1427849172_000001,1427849165,1427849172,steps,footway,,,,,False,False,False,True,0.0,-1.0,57.15569083275864,False,suspicious_grade_jump,False
312563,661518.208,3540436.155,1427905500_000001,1427905501_000001,1427905500,1427905501,service,service,,,,,False,False,False,False,-1.0,0.0,89.66248427603973,False,suspicious_grade_jump,False
312563,661518.208,3540436.155,1427905500_000001,1427905501_000025,1427905500,1427905501,service,service,,,,,False,False,False,False,-1.0,0.0,88.9518716132839,False,suspicious_grade_jump,False
312565,661567.591,3540485.617,1427905500_000002,1427905501_000011,1427905500,1427905501,service,service,,,,,False,False,False,False,-1.0,0.0,98.12765079373382,False,suspicious_grade_jump,False
312565,661567.591,3540485.617,1427905500_000002,1427905501_000012,1427905500,1427905501,service,service,,,,,False,False,False,False,-1.0,0.0,81.86759120557163,False,suspicious_grade_jump,False
312746,661213.81,3539800.273,1427965240_p1_000002,1427965246_000020,1427965240_p1,1427965246,service,footway,,,,,False,False,False,False,-1.0,0.0,137.42763572895655,False,suspicious_grade_jump,False
312746,661213.81,3539800.273,1427965240_p1_000003,1427965246_000021,1427965240_p1,1427965246,service,footway,,,,,False,False,False,False,-1.0,0.0,180.0,False,suspicious_grade_jump,False
312747,661212.488,3539794.242,1427965240_p1_000003,1427965246_000021,1427965240_p1,1427965246,service,footway,,,,,False,False,False,False,-1.0,0.0,180.0,False,suspicious_grade_jump,False
312747,661212.488,3539794.242,1427965240_p1_000003,1427965246_000022,1427965240_p1,1427965246,service,footway,,,,,False,False,False,False,-1.0,0.0,103.73381876701804,False,suspicious_grade_jump,False
312747,661212.488,3539794.242,1427965240_p2_000001,1427965246_000021,1427965240_p2,1427965246,service,footway,,,,,False,False,False,False,-1.0,0.0,48.11984095200002,False,suspicious_grade_jump,False
312747,661212.488,3539794.242,1427965240_p2_000036,1427965246_000021,1427965240_p2,1427965246,service,footway,,,,,False,False,False,False,-1.0,0.0,103.73381876701804,False,suspicious_grade_jump,False
312747,661212.488,3539794.242,1427965240_p2_000036,1427965246_000022,1427965240_p2,1427965246,service,footway,,,,,False,False,False,False,-1.0,0.0,180.0,False,suspicious_grade_jump,False
312760,661163.784,3539594.124,1427965240_p2_000013,1427965241_000006,1427965240_p2,1427965241,service,service,,,,,False,False,False,False,-1.0,0.0,118.0997098291118,False,suspicious_grade_jump,False
312765,661127.576,3539628.185,1427965240_p2_000018,1427965243_000001,1427965240_p2,1427965243,service,service,,,,,False,False,False,False,-1.0,0.0,91.49199820504636,False,suspicious_grade_jump,False
312765,661127.576,3539628.185,1427965240_p2_000019,1427965243_000001,1427965240_p2,1427965243,service,service,,,,,False,False,False,False,-1.0,0.0,88.51734178438895,False,suspicious_grade_jump,False
312766,661101.577,3539664.602,1427965240_p2_000019,1427965242_000001,1427965240_p2,1427965242,service,service,,,,,False,False,False,False,-1.0,0.0,90.1232719396642,False,suspicious_grade_jump,False
312766,661101.577,3539664.602,1427965240_p2_000020,1427965242_000001,1427965240_p2,1427965242,service,service,,,,,False,False,False,False,-1.0,0.0,89.85865336621218,False,suspicious_grade_jump,False
312768,661065.535,3539715.121,1427965240_p2_000021,1427965244_000001,1427965240_p2,1427965244,service,service,,,,,False,False,False,False,-1.0,0.0,92.84663223914474,False,suspicious_grade_jump,False
312777,661139.158,3539756.181,1427965240_p2_000030,1427965246_000028,1427965240_p2,1427965246,service,footway,,,,,False,False,False,False,-1.0,0.0,163.09480884592364,False,suspicious_grade_jump,False
312777,661139.158,3539756.181,1427965240_p2_000031,1427965246_000027,1427965240_p2,1427965246,service,footway,,,,,False,False,False,False,-1.0,0.0,180.0,False,suspicious_grade_jump,False
312778,661167.165,3539776.428,1427965240_p2_000031,1427965246_000027,1427965240_p2,1427965246,service,footway,,,,,False,False,False,False,-1.0,0.0,180.0,False,suspicious_grade_jump,False
312778,661167.165,3539776.428,1427965240_p2_000032,1427965246_000026,1427965240_p2,1427965246,service,footway,,,,,False,False,False,False,-1.0,0.0,180.0,False,suspicious_grade_jump,False
312779,661195.172,3539796.675,1427965240_p2_000032,1427965246_000026,1427965240_p2,1427965246,service,footway,,,,,False,False,False,False,-1.0,0.0,180.0,False,suspicious_grade_jump,False
312779,661195.172,3539796.675,1427965240_p2_000033,1427965246_000025,1427965240_p2,1427965246,service,footway,,,,,False,False,False,False,-1.0,0.0,180.0,False,suspicious_grade_jump,False
312780,661198.864,3539797.498,1427965240_p2_000033,1427965246_000025,1427965240_p2,1427965246,service,footway,,,,,False,False,False,False,-1.0,0.0,180.0,False,suspicious_grade_jump,False
312780,661198.864,3539797.498,1427965240_p2_000034,1427965246_000024,1427965240_p2,1427965246,service,footway,,,,,False,False,False,False,-1.0,0.0,180.0,False,suspicious_grade_jump,False
312781,661203.459,3539797.404,1427965240_p2_000034,1427965246_000024,1427965240_p2,1427965246,service,footway,,,,,False,False,False,False,-1.0,0.0,180.0,False,suspicious_grade_jump,False
312781,661203.459,3539797.404,1427965240_p2_000035,1427965246_000023,1427965240_p2,1427965246,service,footway,,,,,False,False,False,False,-1.0,0.0,179.99999914622634,False,suspicious_grade_jump,False
312782,661208.058,3539796.412,1427965240_p2_000035,1427965246_000023,1427965240_p2,1427965246,service,footway,,,,,False,False,False,False,-1.0,0.0,179.99999914622634,False,suspicious_grade_jump,False
312782,661208.058,3539796.412,1427965240_p2_000036,1427965246_000022,1427965240_p2,1427965246,service,footway,,,,,False,False,False,False,-1.0,0.0,180.0,False,suspicious_grade_jump,False
312877,660840.7,3540079.605,1427969489_p2_000010,1427969491_000004,1427969489_p2,1427969491,living_street,living_street,,,,,False,False,False,False,0.0,-1.0,82.10951550110104,False,suspicious_grade_jump,False
312877,660840.7,3540079.605,1427969489_p2_000011,1427969491_000004,1427969489_p2,1427969491,living_street,living_street,,,,,False,False,False,False,0.0,-1.0,97.88818977594839,False,suspicious_grade_jump,False
312883,660938.151,3540071.87,1427969489_p2_000016,1427969490_000001,1427969489_p2,1427969490,living_street,living_street,,,,,False,False,False,False,0.0,-1.0,83.32594303099017,False,suspicious_grade_jump,False
312883,660938.151,3540071.87,1427969489_p2_000017,1427969490_000001,1427969489_p2,1427969490,living_street,living_street,,,,,False,False,False,False,0.0,-1.0,96.6673414187116,False,suspicious_grade_jump,False
312887,660929.297,3540176.733,1427969489_p2_000020,1427969491_000001,1427969489_p2,1427969491,living_street,living_street,,,,,False,False,False,False,0.0,-1.0,99.54205038748127,False,suspicious_grade_jump,False
312887,660929.297,3540176.733,1427969489_p2_000021,1427969491_000001,1427969489_p2,1427969491,living_street,living_street,,,,,False,False,False,False,0.0,-1.0,80.44887839807124,False,suspicious_grade_jump,False
312973,669795.283,3538184.41,1428199220_000009,1428199227_000008,1428199220,1428199227,service,service,,,,,False,False,False,False,0.0,-1.0,50.8935721577084,False,suspicious_grade_jump,False
312973,669795.283,3538184.41,1428199220_000010,1428199227_000008,1428199220,1428199227,service,service,,,,,False,False,False,False,0.0,-1.0,129.0196811873006,False,suspicious_grade_jump,False
312976,669775.936,3538214.319,1428199220_000012,1428199227_000001,1428199220,1428199227,service,service,,,,,False,False,False,False,0.0,-1.0,121.88892348190672,False,suspicious_grade_jump,False
312976,669775.936,3538214.319,1428199220_000013,1428199227_000001,1428199220,1428199227,service,service,,,,,False,False,False,False,0.0,-1.0,75.35606570057257,False,suspicious_grade_jump,False
313439,669886.808,3539748.599,1430167536_000001,1430167538_000001,1430167536,1430167538,service,service,,,,,False,False,False,False,0.0,-1.0,85.96360499699846,False,suspicious_grade_jump,False
313439,669886.808,3539748.599,1430167538_000001,1430167540_000001,1430167538,1430167540,service,service,,,,,False,False,False,False,-1.0,0.0,91.74242893524206,False,suspicious_grade_jump,False
313440,669879.299,3539740.257,1430167537_000001,1430167538_000001,1430167537,1430167538,service,service,,,,,False,False,False,False,0.0,-1.0,93.00717954129306,False,suspicious_grade_jump,False
313440,669879.299,3539740.257,1430167537_000001,1430167538_000002,1430167537,1430167538,service,service,,,,,False,False,False,False,0.0,-1.0,86.94358317063877,False,suspicious_grade_jump,False
313445,669974.158,3539628.52,1430167538_000006,1430167544_000004,1430167538,1430167544,service,service,,,,,False,False,False,False,-1.0,0.0,106.97159124479039,False,suspicious_grade_jump,False
313445,669974.158,3539628.52,1430167538_000006,1430167544_000005,1430167538,1430167544,service,service,,,,,False,False,False,False,-1.0,0.0,104.86148257234798,False,suspicious_grade_jump,False
313448,669979.281,3539639.329,1430167539_000003,1430167544_000003,1430167539,1430167544,service,service,,,,,False,False,False,False,-1.0,0.0,134.33585586864868,False,suspicious_grade_jump,False
313448,669979.281,3539639.329,1430167539_000003,1430167544_000004,1430167539,1430167544,service,service,,,,,False,False,False,False,-1.0,0.0,71.51101737869743,False,suspicious_grade_jump,False
313479,664148.177,3552340.454,1431072521_000001,1431072522_000001,1431072521,1431072522,footway,footway,,,,,False,True,False,False,0.0,1.0,88.56981628410358,False,suspicious_grade_jump,False
313489,663749.361,3553069.894,1431072523_000002,1431072524_000001,1431072523,1431072524,footway,footway,,,,,False,True,False,False,0.0,1.0,85.46511226918128,False,suspicious_grade_jump,False
313634,662898.441,3530703.75,1431434854_000001,1431434855_000001,1431434854,1431434855,residential,residential,,,,,True,False,False,False,1.0,0.0,94.40385003718364,False,suspicious_grade_jump,False
313634,662898.441,3530703.75,1431434854_000001,1431434859_000001,1431434854,1431434859,residential,residential,,,,,True,False,False,False,1.0,0.0,84.2939166435981,False,suspicious_grade_jump,False
314674,668957.75,3543368.474,1436529499_000012,1437053351_000001,1436529499,1437053351,footway,service,,,,,False,False,False,False,0.0,-1.0,89.72098979298536,False,suspicious_grade_jump,False
314674,668957.75,3543368.474,1436529499_000012,1437053351_000002,1436529499,1437053351,footway,service,,,,,False,False,False,False,0.0,-1.0,90.24202779508023,False,suspicious_grade_jump,False
314674,668957.75,3543368.474,1436529499_000013,1437053351_000001,1436529499,1437053351,footway,service,,,,,False,False,False,False,0.0,-1.0,90.27481252338589,False,suspicious_grade_jump,False
314674,668957.75,3543368.474,1436529499_000013,1437053351_000002,1436529499,1437053351,footway,service,,,,,False,False,False,False,0.0,-1.0,89.76216988854853,False,suspicious_grade_jump,False
314844,679753.79,3533127.483,1441889337_000005,1441889355_000006,1441889337,1441889355,residential,footway,,,,,False,True,False,False,0.0,1.0,98.59876122038297,False,suspicious_grade_jump,False
314844,679753.79,3533127.483,1441889337_000006,1441889355_000006,1441889337,1441889355,residential,footway,,,,,False,True,False,False,0.0,1.0,96.22061905814462,False,suspicious_grade_jump,False
314944,679681.519,3533068.391,1441889351_000003,1441889352_000004,1441889351,1441889352,footway,footway,,,,,False,False,False,False,-1.0,0.0,68.68175094325773,False,suspicious_grade_jump,False
315181,668800.405,3550142.167,1443715933_000004,1443715934_000001,1443715933,1443715934,footway,footway,,,,,False,False,False,False,-1.0,0.0,105.20095527699476,False,suspicious_grade_jump,False
315181,668800.405,3550142.167,1443715933_000005,1443715934_000001,1443715933,1443715934,footway,footway,,,,,False,False,False,False,-1.0,0.0,74.82144996928692,False,suspicious_grade_jump,False
315314,667744.951,3544467.975,1444119525_000001,1444119531_000001,1444119525,1444119531,steps,footway,,,,,False,False,True,False,-1.0,-2.0,89.81212185542996,False,suspicious_grade_jump,False
315314,667744.951,3544467.975,1444119527_000003,1444119531_000001,1444119527,1444119531,steps,footway,,,,,False,False,True,False,0.0,-2.0,90.18393365651264,False,suspicious_grade_jump,False
315317,667747.774,3544477.248,1444119526_000001,1444119527_000001,1444119526,1444119527,steps,steps,,,,,False,False,True,True,-1.0,0.0,90.77858170238362,False,suspicious_grade_jump,False
315329,667731.111,3544468.479,1444119531_000002,1444119532_000029,1444119531,1444119532,footway,footway,,,,,False,False,False,False,-2.0,0.0,89.21816976417207,False,suspicious_grade_jump,False
315329,667731.111,3544468.479,1444119531_000002,1444119532_000030,1444119531,1444119532,footway,footway,,,,,False,False,False,False,-2.0,0.0,90.74297629464215,False,suspicious_grade_jump,False
315892,668219.71,3545358.32,1447076785_000001,1447076786_000001,1447076785,1447076786,service,service,,,,,False,False,False,False,-1.0,0.0,89.35697419143285,False,suspicious_grade_jump,False
315892,668219.71,3545358.32,1447076785_000002,1447076786_000001,1447076785,1447076786,service,service,,,,,False,False,False,False,-1.0,0.0,90.653969118978,False,suspicious_grade_jump,False
315902,668288.196,3545301.296,1447076785_000011,1447076786_000010,1447076785,1447076786,service,service,,,,,False,False,False,False,-1.0,0.0,90.99623940561607,False,suspicious_grade_jump,False
315902,668288.196,3545301.296,1447076785_000012,1447076786_000010,1447076785,1447076786,service,service,,,,,False,False,False,False,-1.0,0.0,89.01728633412993,False,suspicious_grade_jump,False
316888,662580.471,3565910.499,1453894218_000001,1453894220_000001,1453894218,1453894220,path,path,,,,,False,False,True,False,-1.0,0.0,89.6313908040521,False,suspicious_grade_jump,False
317176,669407.488,3534631.476,1463735952_000001,1463735957_p1_000007,1463735952,1463735957_p1,footway,footway,,,,,False,False,False,False,-1.0,0.0,90.6135506275138,False,suspicious_grade_jump,False
317176,669407.488,3534631.476,1463735952_000001,1463735957_p1_000008,1463735952,1463735957_p1,footway,footway,,,,,False,False,False,False,-1.0,0.0,89.39669352589834,False,suspicious_grade_jump,False
317178,669408.19,3534626.176,1463735952_000002,1463735975_000002,1463735952,1463735975,footway,footway,,,,,False,False,False,False,-1.0,0.0,88.5984507426682,False,suspicious_grade_jump,False
317178,669408.19,3534626.176,1463735952_000002,1463735975_000003,1463735952,1463735975,footway,footway,,,,,False,False,False,False,-1.0,0.0,91.05516303427187,False,suspicious_grade_jump,False
317178,669408.19,3534626.176,1463735952_000003,1463735975_000002,1463735952,1463735975,footway,footway,,,,,False,False,False,False,-1.0,0.0,91.6799086514826,False,suspicious_grade_jump,False
317178,669408.19,3534626.176,1463735952_000003,1463735975_000003,1463735952,1463735975,footway,footway,,,,,False,False,False,False,-1.0,0.0,88.66647757157732,False,suspicious_grade_jump,False
317179,669408.288,3534625.413,1463735952_000003,1463735974_000002,1463735952,1463735974,footway,footway,,,,,False,False,False,False,-1.0,0.0,88.32009131527644,False,suspicious_grade_jump,False
317179,669408.288,3534625.413,1463735952_000003,1463735974_000003,1463735952,1463735974,footway,footway,,,,,False,False,False,False,-1.0,0.0,91.2305489735438,False,suspicious_grade_jump,False
317179,669408.288,3534625.413,1463735952_000004,1463735974_000002,1463735952,1463735974,footway,footway,,,,,False,False,False,False,-1.0,0.0,91.38570629736795,False,suspicious_grade_jump,False
317179,669408.288,3534625.413,1463735952_000004,1463735974_000003,1463735952,1463735974,footway,footway,,,,,False,False,False,False,-1.0,0.0,89.06365341381182,False,suspicious_grade_jump,False
317180,669408.396,3534624.605,1463735952_000004,1463735973_000003,1463735952,1463735973,footway,footway,,,,,False,False,False,False,-1.0,0.0,88.614293735873,False,suspicious_grade_jump,False
317180,669408.396,3534624.605,1463735952_000004,1463735973_000004,1463735952,1463735973,footway,footway,,,,,False,False,False,False,-1.0,0.0,90.93634662252558,False,suspicious_grade_jump,False
317180,669408.396,3534624.605,1463735952_000005,1463735973_000003,1463735952,1463735973,footway,footway,,,,,False,False,False,False,-1.0,0.0,91.13810970627391,False,suspicious_grade_jump,False
317180,669408.396,3534624.605,1463735952_000005,1463735973_000004,1463735952,1463735973,footway,footway,,,,,False,False,False,False,-1.0,0.0,89.31124993532754,False,suspicious_grade_jump,False
317181,669408.503,3534623.83,1463735952_000005,1463735972_000003,1463735952,1463735972,footway,footway,,,,,False,False,False,False,-1.0,0.0,88.93328872136965,False,suspicious_grade_jump,False
317181,669408.503,3534623.83,1463735952_000005,1463735972_000004,1463735952,1463735972,footway,footway,,,,,False,False,False,False,-1.0,0.0,90.75255467774981,False,suspicious_grade_jump,False
317181,669408.503,3534623.83,1463735952_000006,1463735972_000003,1463735952,1463735972,footway,footway,,,,,False,False,False,False,-1.0,0.0,91.46155553470678,False,suspicious_grade_jump,False
317181,669408.503,3534623.83,1463735952_000006,1463735972_000004,1463735952,1463735972,footway,footway,,,,,False,False,False,False,-1.0,0.0,88.85260106617376,False,suspicious_grade_jump,False
317182,669408.893,3534620.854,1463735952_000006,1463735971_000007,1463735952,1463735971,footway,footway,,,,,False,False,False,False,-1.0,0.0,88.46704603896575,False,suspicious_grade_jump,False
317182,669408.893,3534620.854,1463735952_000006,1463735971_000008,1463735952,1463735971,footway,footway,,,,,False,False,False,False,-1.0,0.0,90.97199593517846,False,suspicious_grade_jump,False
317182,669408.893,3534620.854,1463735952_000007,1463735971_000007,1463735952,1463735971,footway,footway,,,,,False,False,False,False,-1.0,0.0,91.443124461797,False,suspicious_grade_jump,False
317182,669408.893,3534620.854,1463735952_000007,1463735971_000008,1463735952,1463735971,footway,footway,,,,,False,False,False,False,-1.0,0.0,89.11783356405883,False,suspicious_grade_jump,False
317183,669409.034,3534619.791,1463735952_000007,1463735970_000007,1463735952,1463735970,footway,footway,,,,,False,False,False,False,-1.0,0.0,89.41545700240918,False,suspicious_grade_jump,False
317183,669409.034,3534619.791,1463735952_000007,1463735970_000008,1463735952,1463735970,footway,footway,,,,,False,False,False,False,-1.0,0.0,91.66312256083224,False,suspicious_grade_jump,False
317183,669409.034,3534619.791,1463735952_000008,1463735970_000007,1463735952,1463735970,footway,footway,,,,,False,False,False,False,-1.0,0.0,90.18225817315623,False,suspicious_grade_jump,False
317183,669409.034,3534619.791,1463735952_000008,1463735970_000008,1463735952,1463735970,footway,footway,,,,,False,False,False,False,-1.0,0.0,88.73916226360238,False,suspicious_grade_jump,False
317184,669409.184,3534618.718,1463735952_000008,1463735969_000007,1463735952,1463735969,footway,footway,,,,,False,False,False,False,-1.0,0.0,89.07081718317467,False,suspicious_grade_jump,False
317184,669409.184,3534618.718,1463735952_000008,1463735969_000008,1463735952,1463735969,footway,footway,,,,,False,False,False,False,-1.0,0.0,90.56524537141274,False,suspicious_grade_jump,False
317184,669409.184,3534618.718,1463735952_000009,1463735969_000007,1463735952,1463735969,footway,footway,,,,,False,False,False,False,-1.0,0.0,91.47620092191579,False,suspicious_grade_jump,False
317184,669409.184,3534618.718,1463735952_000009,1463735969_000008,1463735952,1463735969,footway,footway,,,,,False,False,False,False,-1.0,0.0,88.88773652349683,False,suspicious_grade_jump,False
317185,669409.325,3534617.634,1463735952_000009,1463735968_000007,1463735952,1463735968,footway,footway,,,,,False,False,False,False,-1.0,0.0,88.41214222299017,False,suspicious_grade_jump,False
317185,669409.325,3534617.634,1463735952_000009,1463735968_000008,1463735952,1463735968,footway,footway,,,,,False,False,False,False,-1.0,0.0,90.9289057600996,False,suspicious_grade_jump,False
317185,669409.325,3534617.634,1463735952_000010,1463735968_000007,1463735952,1463735968,footway,footway,,,,,False,False,False,False,-1.0,0.0,91.49609911499851,False,suspicious_grade_jump,False
317185,669409.325,3534617.634,1463735952_000010,1463735968_000008,1463735952,1463735968,footway,footway,,,,,False,False,False,False,-1.0,0.0,89.16285290191175,False,suspicious_grade_jump,False
317186,669409.465,3534616.571,1463735952_000010,1463735967_000007,1463735952,1463735967,footway,footway,,,,,False,False,False,False,-1.0,0.0,88.57529934458003,False,suspicious_grade_jump,False
317186,669409.465,3534616.571,1463735952_000010,1463735967_000008,1463735952,1463735967,footway,footway,,,,,False,False,False,False,-1.0,0.0,91.71609717809612,False,suspicious_grade_jump,False
317186,669409.465,3534616.571,1463735952_000011,1463735967_000007,1463735952,1463735967,footway,footway,,,,,False,False,False,False,-1.0,0.0,91.2768786451658,False,suspicious_grade_jump,False
317186,669409.465,3534616.571,1463735952_000011,1463735967_000008,1463735952,1463735967,footway,footway,,,,,False,False,False,False,-1.0,0.0,88.43172483215807,False,suspicious_grade_jump,False
317187,669409.627,3534615.365,1463735952_000011,1463735966_000007,1463735952,1463735966,footway,footway,,,,,False,False,False,False,-1.0,0.0,88.75233787171076,False,suspicious_grade_jump,False
317187,669409.627,3534615.365,1463735952_000011,1463735966_000008,1463735952,1463735966,footway,footway,,,,,False,False,False,False,-1.0,0.0,90.66614950269174,False,suspicious_grade_jump,False
317187,669409.627,3534615.365,1463735952_000012,1463735966_000007,1463735952,1463735966,footway,footway,,,,,False,False,False,False,-1.0,0.0,91.45459667704075,False,suspicious_grade_jump,False
317187,669409.627,3534615.365,1463735952_000012,1463735966_000008,1463735952,1463735966,footway,footway,,,,,False,False,False,False,-1.0,0.0,89.12691594855676,False,suspicious_grade_jump,False
317188,669409.757,3534614.37,1463735952_000012,1463735964_000007,1463735952,1463735964,footway,footway,,,,,False,False,False,False,-1.0,0.0,88.44478834650418,False,suspicious_grade_jump,False
317188,669409.757,3534614.37,1463735952_000012,1463735964_000008,1463735952,1463735964,footway,footway,,,,,False,False,False,False,-1.0,0.0,90.8005001283199,False,suspicious_grade_jump,False
317188,669409.757,3534614.37,1463735952_000013,1463735964_000007,1463735952,1463735964,footway,footway,,,,,False,False,False,False,-1.0,0.0,91.62177349022765,False,suspicious_grade_jump,False
317188,669409.757,3534614.37,1463735952_000013,1463735964_000008,1463735952,1463735964,footway,footway,,,,,False,False,False,False,-1.0,0.0,89.1329380349483,False,suspicious_grade_jump,False
317189,669409.909,3534613.196,1463735952_000013,1463735963_000007,1463735952,1463735963,footway,footway,,,,,False,False,False,False,-1.0,0.0,89.23680800853552,False,suspicious_grade_jump,False
317189,669409.909,3534613.196,1463735952_000013,1463735963_000008,1463735952,1463735963,footway,footway,,,,,False,False,False,False,-1.0,0.0,91.62177345567065,False,suspicious_grade_jump,False
317189,669409.909,3534613.196,1463735952_000014,1463735963_000007,1463735952,1463735963,footway,footway,,,,,False,False,False,False,-1.0,0.0,90.34015867935065,False,suspicious_grade_jump,False
317189,669409.909,3534613.196,1463735952_000014,1463735963_000008,1463735952,1463735963,footway,footway,,,,,False,False,False,False,-1.0,0.0,88.8012598564432,False,suspicious_grade_jump,False
317190,669410.059,3534612.101,1463735952_000014,1463735962_000007,1463735952,1463735962,footway,footway,,,,,False,False,False,False,-1.0,0.0,88.90187483122267,False,suspicious_grade_jump,False
317190,669410.059,3534612.101,1463735952_000014,1463735962_000008,1463735952,1463735962,footway,footway,,,,,False,False,False,False,-1.0,0.0,90.41185334618196,False,suspicious_grade_jump,False
317190,669410.059,3534612.101,1463735952_000015,1463735962_000007,1463735952,1463735962,footway,footway,,,,,False,False,False,False,-1.0,0.0,91.15054101309833,False,suspicious_grade_jump,False
317190,669410.059,3534612.101,1463735952_000015,1463735962_000008,1463735952,1463735962,footway,footway,,,,,False,False,False,False,-1.0,0.0,89.53573080949705,False,suspicious_grade_jump,False
317191,669410.199,3534611.072,1463735952_000015,1463735961_000007,1463735952,1463735961,footway,footway,,,,,False,False,False,False,-1.0,0.0,89.62779795749199,False,suspicious_grade_jump,False
317191,669410.199,3534611.072,1463735952_000015,1463735961_000008,1463735952,1463735961,footway,footway,,,,,False,False,False,False,-1.0,0.0,91.25115598919386,False,suspicious_grade_jump,False
317191,669410.199,3534611.072,1463735952_000016,1463735961_000007,1463735952,1463735961,footway,footway,,,,,False,False,False,False,-1.0,0.0,90.94071964688986,False,suspicious_grade_jump,False
317191,669410.199,3534611.072,1463735952_000016,1463735961_000008,1463735952,1463735961,footway,footway,,,,,False,False,False,False,-1.0,0.0,88.18032640642431,False,suspicious_grade_jump,False
317192,669410.33,3534610.032,1463735952_000016,1463735960_000007,1463735952,1463735960,footway,footway,,,,,False,False,False,False,-1.0,0.0,88.18032637318335,False,suspicious_grade_jump,False
317192,669410.33,3534610.032,1463735952_000016,1463735960_000008,1463735952,1463735960,footway,footway,,,,,False,False,False,False,-1.0,0.0,90.94071961387455,False,suspicious_grade_jump,False
317192,669410.33,3534610.032,1463735952_000017,1463735960_000007,1463735952,1463735960,footway,footway,,,,,False,False,False,False,-1.0,0.0,91.0408396719194,False,suspicious_grade_jump,False
317192,669410.33,3534610.032,1463735952_000017,1463735960_000008,1463735952,1463735960,footway,footway,,,,,False,False,False,False,-1.0,0.0,89.83811434102273,False,suspicious_grade_jump,False
317193,669410.48,3534608.959,1463735952_000017,1463735959_000007,1463735952,1463735959,footway,footway,,,,,False,False,False,False,-1.0,0.0,89.83811434102273,False,suspicious_grade_jump,False
317193,669410.48,3534608.959,1463735952_000017,1463735959_000008,1463735952,1463735959,footway,footway,,,,,False,False,False,False,-1.0,0.0,90.9694412110349,False,suspicious_grade_jump,False
317193,669410.48,3534608.959,1463735952_000018,1463735959_000007,1463735952,1463735959,footway,footway,,,,,False,False,False,False,-1.0,0.0,90.64600812127438,False,suspicious_grade_jump,False
317193,669410.48,3534608.959,1463735952_000018,1463735959_000008,1463735952,1463735959,footway,footway,,,,,False,False,False,False,-1.0,0.0,88.546436326668,False,suspicious_grade_jump,False
317194,669410.631,3534607.808,1463735952_000018,1463735958_000007,1463735952,1463735958,footway,footway,,,,,False,False,False,False,-1.0,0.0,88.5756528422386,False,suspicious_grade_jump,False
317194,669410.631,3534607.808,1463735952_000018,1463735958_000008,1463735952,1463735958,footway,footway,,,,,False,False,False,False,-1.0,0.0,90.6359048597502,False,suspicious_grade_jump,False
317194,669410.631,3534607.808,1463735952_000018,SNAP_SP0000097_000001,1463735952,SNAP_SP0000097,footway,topology_connector,,,,,False,False,False,False,-1.0,0.0,90.6359048597502,False,suspicious_grade_jump,False
318783,662514.098,3535916.045,1475974201_000001,1475974202_000001,1475974201,1475974202,service,service,,,,,False,False,True,False,0.0,0.0,58.1944705001434,False,suspicious_grade_jump,False
318994,664088.003,3537330.686,1475974233_000018,1475989827_p1_000001,1475974233,1475989827_p1,cycleway,footway,,,,,True,False,False,False,1.0,0.0,78.93686270463279,False,suspicious_grade_jump,False
318994,664088.003,3537330.686,1475974233_000019,1475989827_p1_000001,1475974233,1475989827_p1,cycleway,footway,,,,,True,False,False,False,1.0,0.0,101.10640695683745,False,suspicious_grade_jump,False
319008,664096.294,3537628.766,1475974233_000033,1475989819_000001,1475974233,1475989819,cycleway,footway,,,,,True,False,False,False,1.0,0.0,146.90242581748606,False,suspicious_grade_jump,False
319067,663126.933,3537841.538,1475974233_000091,1475981278_000001,1475974233,1475981278,cycleway,cycleway,,,,,True,False,False,False,1.0,0.0,92.15095748612632,False,suspicious_grade_jump,False
319847,659712.217,3536867.305,1475994637_000002,1475994638_000001,1475994637,1475994638,footway,footway,,,,,False,False,True,False,-1.0,0.0,86.62312664499852,False,suspicious_grade_jump,False
320511,662954.328,3540783.558,1481050028_000002,1481050038_000001,1481050028,1481050038,living_street,service,,,,,False,False,False,False,0.0,-1.0,88.19231855590479,False,suspicious_grade_jump,False
320511,662954.328,3540783.558,1481050028_000003,1481050038_000001,1481050028,1481050038,living_street,service,,,,,False,False,False,False,0.0,-1.0,91.79118425408014,False,suspicious_grade_jump,False
320512,662973.035,3540769.684,1481050028_000003,1481050038_000005,1481050028,1481050038,living_street,service,,,,,False,False,False,False,0.0,-1.0,90.15287574806855,False,suspicious_grade_jump,False
320512,662973.035,3540769.684,1481050028_000004,1481050038_000005,1481050028,1481050038,living_street,service,,,,,False,False,False,False,0.0,-1.0,89.84912832101425,False,suspicious_grade_jump,False
320554,663018.01,3540468.984,1481050040_000002,1481050045_000001,1481050040,1481050045,service,unclassified,,,,,False,False,False,False,0.0,-1.0,84.17470256420181,False,suspicious_grade_jump,False
320554,663018.01,3540468.984,1481050040_000003,1481050045_000001,1481050040,1481050045,service,unclassified,,,,,False,False,False,False,0.0,-1.0,95.79257211760383,False,suspicious_grade_jump,False
320555,663029.05,3540484.264,1481050040_000003,1481050045_000008,1481050040,1481050045,service,unclassified,,,,,False,False,False,False,0.0,-1.0,89.28624327135549,False,suspicious_grade_jump,False
320555,663029.05,3540484.264,1481050040_000004,1481050045_000008,1481050040,1481050045,service,unclassified,,,,,False,False,False,False,0.0,-1.0,90.71718653042753,False,suspicious_grade_jump,False
320579,663100.914,3540669.005,1481050048_000001,1481050049_000001,1481050048,1481050049,unclassified,service,,,,,False,False,False,False,-1.0,0.0,46.25817233957079,False,suspicious_grade_jump,False
320579,663100.914,3540669.005,1481050048_000002,1481050049_000001,1481050048,1481050049,unclassified,service,,,,,False,False,False,False,-1.0,0.0,133.6302968453738,False,suspicious_grade_jump,False
322636,663177.795,3563769.063,1502800199_000001,1502800200_000003,1502800199,1502800200,footway,footway,,,,,True,False,False,False,1.0,0.0,45.54251470736582,False,suspicious_grade_jump,False
323572,657415.145,3553478.681,1512778565_000002,1512831471_p1_000001,1512778565,1512831471_p1,unclassified,residential,睡莲街,,,,False,False,False,False,0.0,-1.0,89.49281128679641,False,suspicious_grade_jump,False
323572,657415.145,3553478.681,1512778565_000003,1512831471_p1_000001,1512778565,1512831471_p1,unclassified,residential,睡莲街,,,,False,False,False,False,0.0,-1.0,89.5659841677114,False,suspicious_grade_jump,False
323633,657886.761,3553295.913,1512831448_000001,1512831449_000001,1512831448,1512831449,unclassified,residential,,,,,False,False,False,False,0.0,-1.0,85.38382073826551,False,suspicious_grade_jump,False
323658,657672.269,3553410.641,1512831449_000025,1512831458_000005,1512831449,1512831458,residential,residential,,,,,False,False,False,False,-1.0,0.0,126.30835036193547,False,suspicious_grade_jump,False
324255,684432.555,3554786.828,1518303615_000002,1518303616_000001,1518303615,1518303616,footway,steps,,,,,False,False,False,False,-1.0,0.0,89.75248637662237,False,suspicious_grade_jump,False
324255,684432.555,3554786.828,1518303615_000003,1518303616_000001,1518303615,1518303616,footway,steps,,,,,False,False,False,False,-1.0,0.0,90.33599439761686,False,suspicious_grade_jump,False
324634,656942.003,3528944.98,1521976536_000001,1539316554_000001,1521976536,1539316554,unclassified,unclassified,张容路,双塘埂路,,,False,False,False,False,-1.0,0.0,148.8092861305979,False,suspicious_grade_jump,False
324649,656470.704,3529220.806,1521976536_000015,1539316562_000001,1521976536,1539316562,unclassified,unclassified,张容路,,,,False,False,False,False,-1.0,0.0,67.73149965807842,False,suspicious_grade_jump,False
324649,656470.704,3529220.806,1521976536_000016,1539316562_000001,1521976536,1539316562,unclassified,unclassified,张容路,,,,False,False,False,False,-1.0,0.0,95.41232026792271,False,suspicious_grade_jump,False
324656,656300.816,3529319.355,1521976536_000022,1539316584_000008,1521976536,1539316584,unclassified,unclassified,张容路,大柏树路,,,False,False,False,False,-1.0,0.0,123.3091003019894,False,suspicious_grade_jump,False
325490,668099.724,3544290.492,1523585818_000001,1523585819_000017,1523585818,1523585819,footway,footway,,,,,False,False,False,False,-1.0,0.0,92.89075127395652,False,suspicious_grade_jump,False
325494,668112.227,3544347.643,1523585818_000003,1523585820_000001,1523585818,1523585820,footway,footway,,,,,False,False,False,False,-1.0,0.0,110.81492838994724,False,suspicious_grade_jump,False
325494,668112.227,3544347.643,1523585818_000004,1523585820_000001,1523585818,1523585820,footway,footway,,,,,False,False,False,False,-1.0,0.0,47.2393410978096,False,suspicious_grade_jump,False
325507,668085.726,3544395.824,1523585818_000016,1523585819_000001,1523585818,1523585819,footway,footway,,,,,False,False,False,False,-1.0,0.0,87.87368143731959,False,suspicious_grade_jump,False
325507,668085.726,3544395.824,1523585818_000016,1523585819_000002,1523585818,1523585819,footway,footway,,,,,False,False,False,False,-1.0,0.0,90.3428873766327,False,suspicious_grade_jump,False
325526,668098.961,3544454.351,1523585822_000001,1523585823_000001,1523585822,1523585823,footway,footway,,,,,False,False,False,False,0.0,-1.0,60.8562885263986,False,suspicious_grade_jump,False
325540,668131.439,3544434.47,1523585822_000015,1523585823_000003,1523585822,1523585823,footway,footway,,,,,False,False,False,False,0.0,-1.0,72.40779919483137,False,suspicious_grade_jump,False
325540,668131.439,3544434.47,1523585822_000015,1523585823_000004,1523585822,1523585823,footway,footway,,,,,False,False,False,False,0.0,-1.0,107.59629611694031,False,suspicious_grade_jump,False
325547,668179.492,3544418.905,1523585823_000008,1523588639_000011,1523585823,1523588639,footway,footway,,,,,False,False,False,False,-1.0,0.0,82.5026086865521,False,suspicious_grade_jump,False
325547,668179.492,3544418.905,1523585823_000009,1523588639_000011,1523585823,1523588639,footway,footway,,,,,False,False,False,False,-1.0,0.0,97.57202678356707,False,suspicious_grade_jump,False
325782,668003.807,3546722.894,1523976189_000001,1523976195_000001,1523976189,1523976195,steps,footway,,,,,False,False,True,False,-1.0,0.0,89.9193655493457,False,suspicious_grade_jump,False
325783,668003.798,3546720.011,1523976190_000001,1523976196_000002,1523976190,1523976196,steps,footway,,,,,False,False,True,False,-1.0,0.0,89.66464410515195,False,suspicious_grade_jump,False
325784,668003.799,3546721.641,1523976191_000001,1523976195_000001,1523976191,1523976195,steps,footway,,,,,False,False,True,False,-1.0,0.0,90.04796895929044,False,suspicious_grade_jump,False
325784,668003.799,3546721.641,1523976191_000001,1523976196_000001,1523976191,1523976196,steps,footway,,,,,False,False,True,False,-1.0,0.0,89.49556316943074,False,suspicious_grade_jump,False
326224,667702.628,3546540.189,1524046534_000002,1524046536_000001,1524046534,1524046536,footway,steps,,,,,False,False,True,False,-1.0,0.0,148.0906487665785,False,suspicious_grade_jump,False
326235,667908.78,3546447.912,1524055372_000001,1524055373_000001,1524055372,1524055373,steps,footway,,,,,False,False,False,True,0.0,-1.0,70.05628665969084,False,suspicious_grade_jump,False
326362,668006.906,3546562.367,1524378214_000001,SNAP_SP0000530_000001,1524378214,SNAP_SP0000530,footway,topology_connector,,,,,False,False,True,False,-1.0,0.0,90.25167566370317,False,suspicious_grade_jump,False
326362,668006.906,3546562.367,1524378214_000002,SNAP_SP0000530_000001,1524378214,SNAP_SP0000530,footway,topology_connector,,,,,False,False,True,False,-1.0,0.0,89.30406898056306,False,suspicious_grade_jump,False
326362,668006.906,3546562.367,1524378216_000001,SNAP_SP0000530_000001,1524378216,SNAP_SP0000530,footway,topology_connector,,,,,False,False,True,False,-1.0,0.0,179.99999879258172,False,suspicious_grade_jump,False
326368,668012.996,3546526.415,1524378215_000005,SNAP_SP0000529_000001,1524378215,SNAP_SP0000529,footway,topology_connector,,,,,False,False,True,False,-1.0,0.0,64.31918860014443,False,suspicious_grade_jump,False
326368,668012.996,3546526.415,1524378235_000006,SNAP_SP0000529_000001,1524378235,SNAP_SP0000529,footway,topology_connector,,,,,False,False,True,False,-1.0,0.0,180.0,False,suspicious_grade_jump,False
326369,668006.882,3546563.819,1524378216_000001,SNAP_SP0000530_000001,1524378216,SNAP_SP0000530,footway,topology_connector,,,,,False,False,True,False,-1.0,0.0,179.99999879258172,False,suspicious_grade_jump,False
326369,668006.882,3546563.819,1524378219_000001,SNAP_SP0000530_000001,1524378219,SNAP_SP0000530,footway,topology_connector,,,,,False,False,True,False,-1.0,0.0,88.93822750549305,False,suspicious_grade_jump,False
326371,668006.723,3546572.345,1524378216_000004,SNAP_SP0000534_000001,1524378216,SNAP_SP0000534,footway,topology_connector,,,,,False,False,True,False,-1.0,0.0,179.99999914622634,False,suspicious_grade_jump,False
326371,668006.723,3546572.345,1524378221_000004,SNAP_SP0000534_000001,1524378221,SNAP_SP0000534,footway,topology_connector,,,,,False,False,True,False,-1.0,0.0,90.27485702950403,False,suspicious_grade_jump,False
326372,668006.682,3546574.262,1524378216_000004,SNAP_SP0000534_000001,1524378216,SNAP_SP0000534,footway,topology_connector,,,,,False,False,True,False,-1.0,0.0,179.99999914622634,False,suspicious_grade_jump,False
326372,668006.682,3546574.262,1524378233_000001,SNAP_SP0000534_000001,1524378233,SNAP_SP0000534,footway,topology_connector,,,,,False,False,True,False,-1.0,0.0,90.27335346541956,False,suspicious_grade_jump,False
326380,668010.875,3546606.957,1524378217_000005,SNAP_SP0000559_000001,1524378217,SNAP_SP0000559,footway,topology_connector,,,,,False,False,True,False,-1.0,0.0,180.0,False,suspicious_grade_jump,False
326380,668010.875,3546606.957,1524581583_000001,SNAP_SP0000559_000001,1524581583,SNAP_SP0000559,footway,topology_connector,,,,,False,False,True,False,-1.0,0.0,90.59547747311358,False,suspicious_grade_jump,False
326381,668010.872,3546608.321,1524378217_000005,SNAP_SP0000559_000001,1524378217,SNAP_SP0000559,footway,topology_connector,,,,,False,False,True,False,-1.0,0.0,180.0,False,suspicious_grade_jump,False
326381,668010.872,3546608.321,1524499002_000001,SNAP_SP0000559_000001,1524499002,SNAP_SP0000559,footway,topology_connector,,,,,False,False,True,False,-1.0,0.0,90.45389327673827,False,suspicious_grade_jump,False
326383,668010.861,3546612.99,1524378217_000008,SNAP_SP0000560_000001,1524378217,SNAP_SP0000560,footway,topology_connector,,,,,False,False,True,False,-1.0,0.0,180.0,False,suspicious_grade_jump,False
326383,668010.861,3546612.99,1524525948_000001,SNAP_SP0000560_000001,1524525948,SNAP_SP0000560,footway,topology_connector,,,,,False,False,True,False,-1.0,0.0,89.55729211192293,False,suspicious_grade_jump,False
326384,668010.86,3546614.188,1524378217_000008,SNAP_SP0000560_000001,1524378217,SNAP_SP0000560,footway,topology_connector,,,,,False,False,True,False,-1.0,0.0,180.0,False,suspicious_grade_jump,False
326384,668010.86,3546614.188,1524581575_000001,SNAP_SP0000560_000001,1524581575,SNAP_SP0000560,footway,topology_connector,,,,,False,False,True,False,-1.0,0.0,61.15159965710626,False,suspicious_grade_jump,False
326396,668008.176,3546585.011,1524378225_000001,1524378231_000001,1524378225,1524378231,steps,footway,,,,,False,False,False,True,-1.0,-1.0,45.87635154252062,False,suspicious_grade_jump,False
326404,668009.291,3546589.032,1524378230_000004,SNAP_SP0000546_000001,1524378230,SNAP_SP0000546,footway,topology_connector,,,,,False,False,True,False,-1.0,0.0,89.98360932206712,False,suspicious_grade_jump,False
326404,668009.291,3546589.032,1524378233_000006,SNAP_SP0000546_000001,1524378233,SNAP_SP0000546,footway,topology_connector,,,,,False,False,True,False,-1.0,0.0,179.99999914622634,False,suspicious_grade_jump,False
326410,668010.972,3546589.06,1524378233_000006,SNAP_SP0000546_000001,1524378233,SNAP_SP0000546,footway,topology_connector,,,,,False,False,True,False,-1.0,0.0,179.99999914622634,False,suspicious_grade_jump,False
326410,668010.972,3546589.06,1524581581_000001,SNAP_SP0000546_000001,1524581581,SNAP_SP0000546,footway,topology_connector,,,,,False,False,True,False,-1.0,0.0,89.42197407511732,False,suspicious_grade_jump,False
326417,668014.205,3546525.858,1524378235_000006,SNAP_SP0000529_000001,1524378235,SNAP_SP0000529,footway,topology_connector,,,,,False,False,True,False,-1.0,0.0,180.0,False,suspicious_grade_jump,False
326417,668014.205,3546525.858,1524378245_000001,SNAP_SP0000529_000001,1524378245,SNAP_SP0000529,footway,topology_connector,,,,,False,False,True,False,-1.0,0.0,91.20269057607742,False,suspicious_grade_jump,False
326418,668018.65,3546523.791,1524378235_000007,SNAP_SP0000547_000001,1524378235,SNAP_SP0000547,footway,topology_connector,,,,,False,False,True,False,-1.0,0.0,72.43348478780271,False,suspicious_grade_jump,False
326418,668018.65,3546523.791,1524378235_000008,SNAP_SP0000547_000001,1524378235,SNAP_SP0000547,footway,topology_connector,,,,,False,False,True,False,-1.0,0.0,107.67523406017465,False,suspicious_grade_jump,False
326418,668018.65,3546523.791,1524378235_000008,SNAP_SP0000548_000001,1524378235,SNAP_SP0000548,footway,topology_connector,,,,,False,False,True,False,-1.0,0.0,180.0,False,suspicious_grade_jump,False
326418,668018.65,3546523.791,1524378242_000001,SNAP_SP0000548_000001,1524378242,SNAP_SP0000548,footway,topology_connector,,,,,False,False,True,False,-1.0,0.0,88.97369097789579,False,suspicious_grade_jump,False
326419,668019.155,3546523.555,1524378235_000008,SNAP_SP0000548_000001,1524378235,SNAP_SP0000548,footway,topology_connector,,,,,False,False,True,False,-1.0,0.0,180.0,False,suspicious_grade_jump,False
326419,668019.155,3546523.555,1524378246_000001,SNAP_SP0000548_000001,1524378246,SNAP_SP0000548,footway,topology_connector,,,,,False,False,True,False,-1.0,0.0,89.44331750258694,False,suspicious_grade_jump,False
326422,668028.54,3546519.185,1524378235_000011,SNAP_SP0000555_000001,1524378235,SNAP_SP0000555,footway,topology_connector,,,,,False,False,True,False,-1.0,0.0,103.88532172314038,False,suspicious_grade_jump,False
326422,668028.54,3546519.185,1524378235_000012,SNAP_SP0000555_000001,1524378235,SNAP_SP0000555,footway,topology_connector,,,,,False,False,True,False,-1.0,0.0,76.00529083216843,False,suspicious_grade_jump,False
326444,668023.301,3546513.831,1524378236_000012,SNAP_SP0000556_000001,1524378236,SNAP_SP0000556,footway,topology_connector,,,,,False,False,True,False,-1.0,0.0,180.0,False,suspicious_grade_jump,False
326444,668023.301,3546513.831,1524498999_000001,SNAP_SP0000556_000001,1524498999,SNAP_SP0000556,footway,topology_connector,,,,,False,False,True,False,-1.0,0.0,76.72248651531677,False,suspicious_grade_jump,False
326445,668024.095,3546513.833,1524378236_000012,SNAP_SP0000556_000001,1524378236,SNAP_SP0000556,footway,topology_connector,,,,,False,False,True,False,-1.0,0.0,180.0,False,suspicious_grade_jump,False
326445,668024.095,3546513.833,1524581596_000001,SNAP_SP0000556_000001,1524581596,SNAP_SP0000556,footway,topology_connector,,,,,False,False,True,False,-1.0,0.0,89.76984469412639,False,suspicious_grade_jump,False
326463,668018.407,3546521.913,1524378246_000001,SNAP_SP0000547_000001,1524378246,SNAP_SP0000547,footway,topology_connector,,,,,False,False,True,False,-1.0,0.0,162.88144843723842,False,suspicious_grade_jump,False
326757,668278.123,3546360.872,1524581544_000001,1524581545_000001,1524581544,1524581545,footway,steps,,,,,True,False,False,False,1.0,0.0,90.447305633183,False,suspicious_grade_jump,False
326757,668278.123,3546360.872,1524581544_000001,1524581546_000001,1524581544,1524581546,footway,steps,,,,,True,False,False,False,1.0,0.0,90.32315362588147,False,suspicious_grade_jump,False
326819,668014.987,3546627.974,1524581574_000002,SNAP_SP0000565_000001,1524581574,SNAP_SP0000565,footway,topology_connector,,,,,False,False,True,False,-1.0,0.0,180.0,False,suspicious_grade_jump,False
326819,668014.987,3546627.974,1524581588_000001,SNAP_SP0000565_000001,1524581588,SNAP_SP0000565,footway,topology_connector,,,,,False,False,True,False,-1.0,0.0,89.86751994660042,False,suspicious_grade_jump,False
326820,668016.857,3546627.982,1524581574_000002,SNAP_SP0000565_000001,1524581574,SNAP_SP0000565,footway,topology_connector,,,,,False,False,True,False,-1.0,0.0,180.0,False,suspicious_grade_jump,False
326820,668016.857,3546627.982,1524581578_000001,SNAP_SP0000565_000001,1524581578,SNAP_SP0000565,footway,topology_connector,,,,,False,False,True,False,-1.0,0.0,89.29999044877596,False,suspicious_grade_jump,False
326825,668034.377,3546628.127,1524581574_000008,SNAP_SP0000561_000001,1524581574,SNAP_SP0000561,footway,topology_connector,,,,,False,False,True,False,-1.0,0.0,179.99999914622634,False,suspicious_grade_jump,False
326825,668034.377,3546628.127,1524581590_000001,SNAP_SP0000561_000001,1524581590,SNAP_SP0000561,footway,topology_connector,,,,,False,False,True,False,-1.0,0.0,90.21369513688992,False,suspicious_grade_jump,False
326826,668036.162,3546628.134,1524581574_000008,SNAP_SP0000561_000001,1524581574,SNAP_SP0000561,footway,topology_connector,,,,,False,False,True,False,-1.0,0.0,179.99999914622634,False,suspicious_grade_jump,False
326826,668036.162,3546628.134,1524581575_000003,SNAP_SP0000561_000001,1524581575,SNAP_SP0000561,footway,topology_connector,,,,,False,False,True,False,-1.0,0.0,151.3867730318609,False,suspicious_grade_jump,False
326856,668015.034,3546624.548,1524581577_000001,SNAP_SP0000564_000001,1524581577,SNAP_SP0000564,footway,topology_connector,,,,,False,False,True,False,-1.0,0.0,56.20008575033188,False,suspicious_grade_jump,False
326857,668016.904,3546625.133,1524581578_000001,SNAP_SP0000564_000001,1524581578,SNAP_SP0000564,footway,topology_connector,,,,,False,False,True,False,-1.0,0.0,73.57365476006791,False,suspicious_grade_jump,False
326885,668040.676,3546524.453,1524820161_000001,1524820162_000001,1524820161,1524820162,footway,steps,,,,,False,False,True,False,-1.0,0.0,90.413531367506,False,suspicious_grade_jump,False
327033,680549.376,3530957.128,1524823320_000001,1524823321_000001,1524823320,1524823321,footway,steps,,,,,True,False,False,False,1.0,0.0,91.24973587469907,False,suspicious_grade_jump,False
327077,668067.301,3546626.618,1524843770_000001,1524843771_000001,1524843770,1524843771,footway,steps,,,,,False,False,True,False,-1.0,0.0,89.85334164183261,False,suspicious_grade_jump,False
327077,668067.301,3546626.618,1524843770_000002,1524843771_000001,1524843770,1524843771,footway,steps,,,,,False,False,True,False,-1.0,0.0,90.22828033377958,False,suspicious_grade_jump,False
327077,668067.301,3546626.618,1524843770_000002,SNAP_SP0000579_000001,1524843770,SNAP_SP0000579,footway,topology_connector,,,,,False,False,True,False,-1.0,0.0,180.0,False,suspicious_grade_jump,False
327078,668067.332,3546628.182,1524843770_000002,1524843772_000001,1524843770,1524843772,footway,steps,,,,,False,False,True,False,-1.0,0.0,89.7725459368014,False,suspicious_grade_jump,False
327078,668067.332,3546628.182,1524843770_000002,SNAP_SP0000579_000001,1524843770,SNAP_SP0000579,footway,topology_connector,,,,,False,False,True,False,-1.0,0.0,180.0,False,suspicious_grade_jump,False
327078,668067.332,3546628.182,1524843770_000003,1524843772_000001,1524843770,1524843772,footway,steps,,,,,False,False,True,False,-1.0,0.0,90.03277615796361,False,suspicious_grade_jump,False
330565,675033.512,3538522.956,1537405065_000001,1537405066_000001,1537405065,1537405066,cycleway,cycleway,,,,,False,True,False,False,0.0,1.0,47.43804355180839,False,suspicious_grade_jump,False
